"DateObserved","CommonName","TotalObserved","MortBin","patch_name","Long","Lat","Source"
2022-04-23,"Common Murre",5,"1–10","Patch6",-57.8857,49.5295,"Observed"
2022-05-10,"Common Murre",1,"1–10","Patch6",-59.7725,54.9082,"Observed"
2022-05-10,"Northern Gannet",6,"1–10","Patch6",-58.92,48.69,"Observed"
2022-05-11,"Common Murre",2,"1–10","Patch5",-59.1764,55.0862,"Observed"
2022-05-11,"Northern Gannet",1,"1–10","Patch6",-58.95,48.68,"Observed"
2022-05-11,"Northern Gannet",1,"1–10","Patch6",-58.95,48.68,"Observed"
2022-05-11,"Northern Gannet",1,"1–10","Patch6",-58.95,48.68,"Observed"
2022-05-11,"Northern Gannet",1,"1–10","Patch6",-58.95,48.68,"Observed"
2022-05-13,"Northern Gannet",12,"10–50","Patch6",-58.33,49.21,"Observed"
2022-05-21,"Northern Gannet",1,"1–10","Patch6",-57.72,48.99,"Observed"
2022-05-22,"Northern Gannet",2,"1–10","Patch3",-52.98601,48.03594,"Observed"
2022-05-22,"Northern Gannet",100,"50–100","Patch6",-58.33,49.21,"Observed"
2022-05-22,"Northern Gannet",1,"1–10","Patch7",-55.66,46.88,"Observed"
2022-05-22,"Northern Gannet",1,"1–10","Patch7",-55.6701,46.8808,"Observed"
2022-05-27,"Northern Gannet",16,"10–50","Patch6",-57.96,49.59,"Observed"
2022-05-27,"Northern Gannet",1,"1–10","Patch6",-57.93,49.74,"Observed"
2022-05-27,"Northern Gannet",27,"10–50","Patch6",-58.58,48.42,"Observed"
2022-05-29,"Northern Gannet",1,"1–10","Patch3",-52.96437,47.52219,"Observed"
2022-05-30,"Northern Gannet",12,"10–50","Patch6",-58.4,48.5,"Observed"
2022-06-01,"Northern Gannet",1,"1–10","Patch6",-58.43,48.47,"Observed"
2022-06-01,"Northern Gannet",1,"1–10","Patch6",-59.08,48.62,"Observed"
2022-06-01,"Northern Gannet",1,"1–10","Patch6",-59.08,48.62,"Observed"
2022-06-02,"Northern Gannet",1,"1–10","Patch2",-53.58,46.86,"Observed"
2022-06-05,"Northern Gannet",4,"1–10","Patch1",-54.19,46.82,"Observed"
2022-06-05,"Northern Gannet",1,"1–10","Patch1",-54.19591,46.82332,"Observed"
2022-06-05,"Northern Gannet",3,"1–10","Patch1",-54.19591,46.82332,"Observed"
2022-06-05,"Northern Gannet",2,"1–10","Patch1",-54.17298,46.91992,"Observed"
2022-06-05,"Northern Gannet",1,"1–10","Patch1",-54.2,46.82,"Observed"
2022-06-06,"Northern Gannet",2,"1–10","Patch2",-53.58,46.8611,"Observed"
2022-06-08,"Northern Gannet",11,"10–50","Patch6",-59,48.66,"Observed"
2022-06-08,"Northern Gannet",200,"100–500","Patch6",-59,48.66,"Observed"
2022-06-09,"Northern Gannet",25,"10–50","Patch6",-58.5,48.45,"Observed"
2022-06-12,"Northern Gannet",1,"1–10","Patch6",-57.8009865,49.9559731,"Observed"
2022-06-13,"Northern Gannet",3,"1–10","Patch6",-60.11092,48.187619,"Observed"
2022-06-13,"Northern Gannet",1,"1–10","Patch6",-60.115766,48.534633,"Observed"
2022-06-13,"Northern Gannet",1,"1–10","Patch6",-60.113115,48.390321,"Observed"
2022-06-14,"Northern Gannet",1,"1–10","Patch2",-53.58,46.86,"Observed"
2022-06-15,"Northern Gannet",19,"10–50","Patch6",-58.801437,48.56526,"Observed"
2022-06-20,"Northern Gannet",1,"1–10","Patch6",-58.429933,48.482029,"Observed"
2022-07-01,"Northern Gannet",4,"1–10","Patch6",-58.62347,48.54993,"Observed"
2022-07-01,"Northern Gannet",2,"1–10","Patch7",-55.79415,47.79625,"Observed"
2022-07-05,"Common Murre",10,"1–10","Patch7",-55.937704,46.899622,"Observed"
2022-07-06,"Common Murre",1,"1–10","Patch1",-53.95038,46.8801,"Observed"
2022-07-08,"Common Murre",14,"10–50","Patch7",-55.937704,46.899622,"Observed"
2022-07-08,"Common Murre",1,"1–10","Patch7",-55.92,46.9,"Observed"
2022-07-08,"Common Murre",1,"1–10","Patch7",-55.92,46.9,"Observed"
2022-07-08,"Common Murre",1,"1–10","Patch7",-55.92,46.9,"Observed"
2022-07-08,"Common Murre",1,"1–10","Patch7",-55.92,46.9,"Observed"
2022-07-08,"Common Murre",1,"1–10","Patch7",-55.92,46.9,"Observed"
2022-07-08,"Common Murre",1,"1–10","Patch7",-55.92,46.9,"Observed"
2022-07-08,"Common Murre",1,"1–10","Patch7",-55.92,46.9,"Observed"
2022-07-08,"Common Murre",1,"1–10","Patch7",-55.92,46.9,"Observed"
2022-07-08,"Common Murre",1,"1–10","Patch7",-55.92,46.9,"Observed"
2022-07-08,"Common Murre",1,"1–10","Patch7",-55.92,46.9,"Observed"
2022-07-09,"Common Murre",1,"1–10","Patch2",-52.83,47.244741,"Observed"
2022-07-10,"Northern Gannet",2,"1–10","Patch1",-54.202,46.816,"Observed"
2022-07-11,"Northern Gannet",1,"1–10","Patch6",-58.43106,48.469082,"Observed"
2022-07-11,"Northern Gannet",2,"1–10","Patch6",-60.1035,48.36791,"Observed"
2022-07-11,"Northern Gannet",1,"1–10","Patch6",-58.430188,48.485455,"Observed"
2022-07-11,"Northern Gannet",1,"1–10","Patch6",-58.431236,48.466471,"Observed"
2022-07-12,"Common Murre",10,"1–10","Patch2",-53.597749,46.892143,"Observed"
2022-07-12,"Common Murre",7,"1–10","Patch2",-53.636836,46.789008,"Observed"
2022-07-12,"Common Murre",8,"1–10","Patch2",-53.5977,46.89214,"Observed"
2022-07-12,"Common Murre",4,"1–10","Patch2",-53.6368,46.8003,"Observed"
2022-07-12,"Northern Gannet",1,"1–10","Patch2",-53.597749,46.892143,"Observed"
2022-07-12,"Northern Gannet",1,"1–10","Patch2",-53.5977,46.89214,"Observed"
2022-07-12,"Northern Gannet",4,"1–10","Patch7",-56.74754,47.57983,"Observed"
2022-07-13,"Common Murre",18,"10–50","Patch1",-53.947025,46.882552,"Observed"
2022-07-13,"Common Murre",10,"1–10","Patch1",-54.17298,46.91992,"Observed"
2022-07-13,"Common Murre",6,"1–10","Patch1",-53.9587,46.8833,"Observed"
2022-07-13,"Common Murre",12,"10–50","Patch1",-54.0025,47.23164,"Observed"
2022-07-13,"Common Murre",3,"1–10","Patch1",-54.14797,46.82288,"Observed"
2022-07-13,"Northern Gannet",2,"1–10","Patch1",-53.947025,46.882552,"Observed"
2022-07-13,"Northern Gannet",1,"1–10","Patch1",-54.17298,46.91992,"Observed"
2022-07-13,"Northern Gannet",1,"1–10","Patch1",-53.95,46.88,"Observed"
2022-07-13,"Northern Gannet",1,"1–10","Patch1",-53.95,46.88,"Observed"
2022-07-13,"Common Murre",10,"1–10","Patch2",-53.59775,46.8922,"Observed"
2022-07-13,"Common Murre",7,"1–10","Patch2",-53.63737,46.80076,"Observed"
2022-07-13,"Northern Gannet",1,"1–10","Patch2",-53.59775,46.8922,"Observed"
2022-07-13,"Common Murre",8,"1–10","Patch7",-55.67023,46.88089,"Observed"
2022-07-13,"Common Murre",10,"1–10","Patch7",-56.3159,46.8852,"Observed"
2022-07-13,"Common Murre",4,"1–10","Patch7",-55.37769,46.91026,"Observed"
2022-07-13,"Northern Gannet",6,"1–10","Patch7",-55.67023,46.88089,"Observed"
2022-07-13,"Northern Gannet",2,"1–10","Patch7",-55.80345,46.86907,"Observed"
2022-07-14,"Common Murre",6,"1–10","Patch1",-54.19889,46.83323,"Observed"
2022-07-14,"Common Murre",9,"1–10","Patch1",-54.08,46.809459,"Observed"
2022-07-14,"Common Murre",14,"10–50","Patch1",-54.08388,46.81375,"Observed"
2022-07-14,"Common Murre",10,"1–10","Patch1",-54.0837,46.81332,"Observed"
2022-07-14,"Common Murre",1,"1–10","Patch1",-54.0837,46.81332,"Observed"
2022-07-14,"Northern Gannet",2,"1–10","Patch1",-54.08,46.809459,"Observed"
2022-07-14,"Northern Gannet",1,"1–10","Patch1",-54.08388,46.81375,"Observed"
2022-07-14,"Northern Gannet",1,"1–10","Patch1",-54.0837,46.81332,"Observed"
2022-07-14,"Common Murre",7,"1–10","Patch2",-53.597749,46.892143,"Observed"
2022-07-14,"Common Murre",20,"10–50","Patch2",-53.597749,46.892143,"Observed"
2022-07-14,"Common Murre",1,"1–10","Patch2",-53.6,46.89,"Observed"
2022-07-14,"Common Murre",1,"1–10","Patch2",-53.6,46.89,"Observed"
2022-07-14,"Northern Gannet",4,"1–10","Patch2",-53.597749,46.892143,"Observed"
2022-07-14,"Northern Gannet",1,"1–10","Patch2",-53.6,46.89,"Observed"
2022-07-14,"Northern Gannet",1,"1–10","Patch6",-59.8723,48.53717,"Observed"
2022-07-14,"Northern Gannet",1,"1–10","Patch6",-60.0157,48.61528,"Observed"
2022-07-15,"Common Murre",15,"10–50","Patch2",-52.83,47.244741,"Observed"
2022-07-15,"Common Murre",15,"10–50","Patch2",-52.83255,47.28286,"Observed"
2022-07-15,"Common Murre",5,"1–10","Patch2",-52.841,47.24489,"Observed"
2022-07-15,"Common Murre",5,"1–10","Patch2",-52.841,47.24489,"Observed"
2022-07-15,"Northern Gannet",1,"1–10","Patch6",-60.1161,48.78439,"Observed"
2022-07-15,"Common Murre",24,"10–50","Patch7",-55.40073,46.882758,"Observed"
2022-07-15,"Common Murre",24,"10–50","Patch7",-55.420846,46.880383,"Observed"
2022-07-15,"Common Murre",4,"1–10","Patch7",-55.66,46.88,"Observed"
2022-07-15,"Common Murre",22,"10–50","Patch7",-55.717573,46.879329,"Observed"
2022-07-15,"Common Murre",11,"10–50","Patch7",-55.810859,46.86116,"Observed"
2022-07-15,"Common Murre",10,"1–10","Patch7",-55.899048,46.89126,"Observed"
2022-07-15,"Common Murre",237,"100–500","Patch7",-55.67023,46.88089,"Observed"
2022-07-15,"Northern Gannet",1,"1–10","Patch7",-55.717573,46.879329,"Observed"
2022-07-15,"Northern Gannet",1,"1–10","Patch7",-55.899048,46.89126,"Observed"
2022-07-15,"Northern Gannet",7,"1–10","Patch7",-55.67023,46.88089,"Observed"
2022-07-16,"Common Murre",25,"10–50","Patch2",-53.636836,46.789008,"Observed"
2022-07-16,"Common Murre",30,"10–50","Patch2",-53.2547,46.71414,"Observed"
2022-07-16,"Northern Gannet",4,"1–10","Patch2",-53.2547,46.71414,"Observed"
2022-07-16,"Common Murre",188,"100–500","Patch5",-56.921996,51.059251,"Observed"
2022-07-16,"Northern Gannet",18,"10–50","Patch5",-56.921996,51.059251,"Observed"
2022-07-16,"Northern Gannet",1,"1–10","Patch6",-57.80554,49.85201,"Observed"
2022-07-16,"Common Murre",50,"10–50","Patch7",-55.40012,46.88156,"Observed"
2022-07-16,"Common Murre",150,"100–500","Patch7",-55.3952,46.92517,"Observed"
2022-07-17,"Common Murre",37,"10–50","Patch1",-54.08,46.809459,"Observed"
2022-07-17,"Common Murre",15,"10–50","Patch1",-54.08,46.809459,"Observed"
2022-07-17,"Common Murre",6,"1–10","Patch1",-54.11675,47.03362,"Observed"
2022-07-17,"Common Murre",26,"10–50","Patch1",-53.98691,47.30333,"Observed"
2022-07-17,"Common Murre",1,"1–10","Patch1",-54.08,46.809459,"Observed"
2022-07-17,"Common Murre",6,"1–10","Patch1",-54.093611,47.070464,"Observed"
2022-07-17,"Common Murre",2,"1–10","Patch1",-54.015048,47.227783,"Observed"
2022-07-17,"Common Murre",28,"10–50","Patch1",-53.970376,47.312761,"Observed"
2022-07-17,"Northern Gannet",20,"10–50","Patch1",-54.18231,46.81866,"Observed"
2022-07-17,"Northern Gannet",1,"1–10","Patch1",-53.98691,47.30333,"Observed"
2022-07-17,"Northern Gannet",10,"1–10","Patch1",-54.08,46.809459,"Observed"
2022-07-17,"Northern Gannet",2,"1–10","Patch1",-54.093611,47.070464,"Observed"
2022-07-17,"Northern Gannet",20,"10–50","Patch1",-54.2,46.821,"Observed"
2022-07-17,"Northern Gannet",1,"1–10","Patch1",-53.970376,47.312761,"Observed"
2022-07-17,"Northern Gannet",1,"1–10","Patch1",-54.086754,46.809853,"Observed"
2022-07-17,"Northern Gannet",1,"1–10","Patch1",-54.086754,46.809853,"Observed"
2022-07-17,"Northern Gannet",1,"1–10","Patch1",-54.086754,46.809853,"Observed"
2022-07-17,"Northern Gannet",1,"1–10","Patch1",-54.086754,46.809853,"Observed"
2022-07-17,"Northern Gannet",1,"1–10","Patch1",-54.086754,46.809853,"Observed"
2022-07-17,"Northern Gannet",1,"1–10","Patch1",-54.086754,46.809853,"Observed"
2022-07-17,"Northern Gannet",1,"1–10","Patch1",-54.086754,46.809853,"Observed"
2022-07-17,"Northern Gannet",1,"1–10","Patch1",-54.086754,46.809853,"Observed"
2022-07-17,"Common Murre",80,"50–100","Patch2",-53.63737,46.80076,"Observed"
2022-07-17,"Common Murre",6,"1–10","Patch3",-53.64029,48.03469,"Observed"
2022-07-17,"Northern Gannet",2,"1–10","Patch3",-53.64029,48.03469,"Observed"
2022-07-17,"Northern Gannet",4,"1–10","Patch5",-56.7591,51.38183,"Observed"
2022-07-17,"Common Murre",2,"1–10","Patch6",-57.91477,49.50234,"Observed"
2022-07-17,"Common Murre",233,"100–500","Patch7",-55.937704,46.899622,"Observed"
2022-07-17,"Common Murre",100,"50–100","Patch7",-55.62,46.86937,"Observed"
2022-07-17,"Northern Gannet",8,"1–10","Patch7",-55.937704,46.899622,"Observed"
2022-07-17,"Northern Gannet",8,"1–10","Patch7",-57.5,47.563,"Observed"
2022-07-18,"Common Murre",9,"1–10","Patch1",-54.093611,47.070464,"Observed"
2022-07-18,"Common Murre",9,"1–10","Patch1",-54.147028,47.001292,"Observed"
2022-07-18,"Northern Gannet",3,"1–10","Patch1",-54.093611,47.070464,"Observed"
2022-07-18,"Northern Gannet",3,"1–10","Patch1",-54.1371,47.00325,"Observed"
2022-07-18,"Common Murre",1,"1–10","Patch2",-52.77317,47.26314,"Observed"
2022-07-18,"Common Murre",4,"1–10","Patch2",-53.574783,46.984869,"Observed"
2022-07-18,"Common Murre",200,"100–500","Patch7",-55.40012,46.88156,"Observed"
2022-07-18,"Common Murre",1,"1–10","Patch7",-55.40012,46.88156,"Observed"
2022-07-18,"Common Murre",30,"10–50","Patch7",-55.40073,46.882758,"Observed"
2022-07-18,"Northern Gannet",1,"1–10","Patch7",-55.9361494,46.8984392,"Observed"
2022-07-18,"Northern Gannet",5,"1–10","Patch7",-55.40073,46.882758,"Observed"
2022-07-19,"Common Murre",40,"10–50","Patch2",-53.5977,46.89214,"Observed"
2022-07-19,"Common Murre",2,"1–10","Patch2",-53.5977,46.89214,"Observed"
2022-07-19,"Common Murre",108,"100–500","Patch2",-53.6371,46.78933,"Observed"
2022-07-19,"Common Murre",1,"1–10","Patch2",-53.6,46.89,"Observed"
2022-07-19,"Common Murre",101,"100–500","Patch2",-53.5977,46.89214,"Observed"
2022-07-19,"Common Murre",1,"1–10","Patch2",-53.5977,46.89214,"Observed"
2022-07-19,"Northern Gannet",5,"1–10","Patch2",-53.6371,46.78933,"Observed"
2022-07-19,"Northern Gannet",1,"1–10","Patch2",-53.64,46.8,"Observed"
2022-07-19,"Northern Gannet",1,"1–10","Patch2",-53.6,46.89,"Observed"
2022-07-19,"Northern Gannet",1,"1–10","Patch2",-53.5977,46.89214,"Observed"
2022-07-19,"Northern Gannet",1,"1–10","Patch6",-57.9646612,49.6830491,"Observed"
2022-07-20,"Common Murre",50,"10–50","Patch1",-54.174969,46.92027,"Observed"
2022-07-20,"Common Murre",10,"1–10","Patch2",-52.830932,47.278878,"Observed"
2022-07-20,"Common Murre",18,"10–50","Patch2",-53.5977,46.89214,"Observed"
2022-07-20,"Northern Gannet",5,"1–10","Patch2",-53.368065,46.726162,"Observed"
2022-07-20,"Northern Gannet",1,"1–10","Patch2",-52.83255,47.28286,"Observed"
2022-07-20,"Northern Gannet",1,"1–10","Patch2",-52.830932,47.278878,"Observed"
2022-07-20,"Northern Gannet",1,"1–10","Patch2",-52.8138,47.28424,"Observed"
2022-07-20,"Common Murre",50,"10–50","Patch7",-55.40073,46.882758,"Observed"
2022-07-21,"Common Murre",1,"1–10","Patch1",-53.96832,47.39145,"Observed"
2022-07-21,"Common Murre",52,"50–100","Patch2",-53.6164,46.99642,"Observed"
2022-07-21,"Common Murre",3,"1–10","Patch2",-53.6164,46.99642,"Observed"
2022-07-21,"Northern Gannet",5,"1–10","Patch2",-53.6164,46.99642,"Observed"
2022-07-21,"Northern Gannet",1,"1–10","Patch2",-52.81023,47.281469,"Observed"
2022-07-21,"Common Murre",1,"1–10","Patch4",-53.6237,49.31345,"Observed"
2022-07-21,"Northern Gannet",4,"1–10","Patch6",-58.6236,48.5489,"Observed"
2022-07-22,"Common Murre",10,"1–10","Patch1",-54.1723,46.91995,"Observed"
2022-07-22,"Common Murre",20,"10–50","Patch1",-53.5357,47.17448,"Observed"
2022-07-22,"Common Murre",20,"10–50","Patch1",-54.1723,46.91995,"Observed"
2022-07-22,"Common Murre",1,"1–10","Patch1",-54.1723,46.91995,"Observed"
2022-07-22,"Common Murre",6,"1–10","Patch1",-54.08388,46.81375,"Observed"
2022-07-22,"Common Murre",151,"100–500","Patch1",-54.08388,46.81375,"Observed"
2022-07-22,"Northern Gannet",1,"1–10","Patch1",-53.5147,47.1352,"Observed"
2022-07-22,"Northern Gannet",1,"1–10","Patch1",-54.1723,46.91995,"Observed"
2022-07-22,"Northern Gannet",18,"10–50","Patch1",-54.08388,46.81375,"Observed"
2022-07-22,"Northern Gannet",7,"1–10","Patch1",-54.1846,46.8223,"Observed"
2022-07-22,"Northern Gannet",1,"1–10","Patch1",-54.1846,46.8223,"Observed"
2022-07-22,"Common Murre",4,"1–10","Patch2",-52.81351,47.187289,"Observed"
2022-07-22,"Common Murre",3,"1–10","Patch2",-52.835246,47.19791,"Observed"
2022-07-22,"Common Murre",12,"10–50","Patch2",-53.27,46.71317,"Observed"
2022-07-22,"Common Murre",1,"1–10","Patch2",-53.24,46.67104,"Observed"
2022-07-22,"Common Murre",1,"1–10","Patch2",-52.8141,47.28056,"Observed"
2022-07-22,"Common Murre",1,"1–10","Patch2",-53.5873,46.63286,"Observed"
2022-07-22,"Common Murre",3,"1–10","Patch2",-53.0667,46.66667,"Observed"
2022-07-22,"Common Murre",2,"1–10","Patch2",-52.8019,47.24995,"Observed"
2022-07-22,"Common Murre",1,"1–10","Patch2",-52.8138,47.28424,"Observed"
2022-07-22,"Common Murre",1,"1–10","Patch2",-52.812376,47.281469,"Observed"
2022-07-22,"Common Murre",6,"1–10","Patch2",-52.836421,47.245704,"Observed"
2022-07-22,"Common Murre",3,"1–10","Patch2",-52.839185,47.247007,"Observed"
2022-07-22,"Common Murre",35,"10–50","Patch2",-53.25473,46.71414,"Observed"
2022-07-22,"Common Murre",12,"10–50","Patch2",-53.63737,46.80076,"Observed"
2022-07-22,"Common Murre",90,"50–100","Patch2",-53.5977,46.89214,"Observed"
2022-07-22,"Common Murre",15,"10–50","Patch2",-53.5977,46.89214,"Observed"
2022-07-22,"Northern Gannet",3,"1–10","Patch2",-53.3603,46.73612,"Observed"
2022-07-22,"Common Murre",1,"1–10","Patch3",-53.0544,47.94794,"Observed"
2022-07-22,"Common Murre",12,"10–50","Patch3",-53.6404,48.03467,"Observed"
2022-07-22,"Northern Gannet",2,"1–10","Patch3",-53.6404,48.03467,"Observed"
2022-07-23,"Common Murre",30,"10–50","Patch1",-53.5664,47.06866,"Observed"
2022-07-23,"Common Murre",15,"10–50","Patch1",-54.0026,47.23082,"Observed"
2022-07-23,"Common Murre",45,"10–50","Patch1",-53.9633,47.24215,"Observed"
2022-07-23,"Northern Gannet",2,"1–10","Patch1",-53.5664,47.06866,"Observed"
2022-07-23,"Common Murre",1,"1–10","Patch2",-52.83,47.278,"Observed"
2022-07-23,"Common Murre",1,"1–10","Patch2",-52.82,47.275,"Observed"
2022-07-23,"Northern Gannet",1,"1–10","Patch6",-57.9562631,49.682707,"Observed"
2022-07-24,"Common Murre",4,"1–10","Patch1",-54.172268,46.919953,"Observed"
2022-07-24,"Common Murre",1,"1–10","Patch1",-54.205611,46.8595,"Observed"
2022-07-24,"Common Murre",1,"1–10","Patch1",-54.205611,46.8595,"Observed"
2022-07-24,"Common Murre",1,"1–10","Patch1",-54.205611,46.8595,"Observed"
2022-07-24,"Northern Gannet",5,"1–10","Patch1",-54.18,46.81786,"Observed"
2022-07-24,"Northern Gannet",12,"10–50","Patch1",-54.0877,46.81008,"Observed"
2022-07-24,"Northern Gannet",2,"1–10","Patch1",-54.172268,46.919953,"Observed"
2022-07-24,"Northern Gannet",1,"1–10","Patch1",-54.209564,46.89437,"Observed"
2022-07-24,"Common Murre",90,"50–100","Patch2",-53.6371,46.78933,"Observed"
2022-07-24,"Common Murre",2,"1–10","Patch2",-52.81463,47.31861,"Observed"
2022-07-24,"Northern Gannet",12,"10–50","Patch2",-53.2547,46.71414,"Observed"
2022-07-24,"Northern Gannet",12,"10–50","Patch2",-53.6371,46.78933,"Observed"
2022-07-24,"Northern Gannet",13,"10–50","Patch3",-52.79882,48.11655,"Observed"
2022-07-24,"Northern Gannet",12,"10–50","Patch3",-53.6404,48.03467,"Observed"
2022-07-24,"Common Murre",1,"1–10","Patch4",-53.5764,48.43913,"Observed"
2022-07-24,"Common Murre",2,"1–10","Patch4",-53.6204,48.88969,"Observed"
2022-07-24,"Northern Gannet",1,"1–10","Patch4",-53.7171,48.98398,"Observed"
2022-07-24,"Common Murre",1,"1–10","Patch6",-59.2094,47.5851,"Observed"
2022-07-24,"Northern Gannet",1,"1–10","Patch6",-59.2094,47.5851,"Observed"
2022-07-25,"Common Murre",10,"1–10","Patch1",-53.5147,47.1352,"Observed"
2022-07-25,"Common Murre",53,"50–100","Patch1",-53.9868,47.30205,"Observed"
2022-07-25,"Northern Gannet",3,"1–10","Patch1",-53.9868,47.30205,"Observed"
2022-07-25,"Common Murre",4,"1–10","Patch2",-52.79,47.262278,"Observed"
2022-07-25,"Common Murre",2,"1–10","Patch2",-52.79,47.262278,"Observed"
2022-07-25,"Common Murre",1,"1–10","Patch2",-52.79,47.262278,"Observed"
2022-07-25,"Common Murre",36,"10–50","Patch2",-53.5977,46.89214,"Observed"
2022-07-25,"Common Murre",3,"1–10","Patch2",-53.2547,46.71414,"Observed"
2022-07-25,"Common Murre",22,"10–50","Patch2",-53.2547,46.71414,"Observed"
2022-07-25,"Common Murre",1,"1–10","Patch2",-52.839185,47.247007,"Observed"
2022-07-25,"Common Murre",100,"50–100","Patch2",-53.59775,46.8922,"Observed"
2022-07-25,"Common Murre",1,"1–10","Patch3",-53.04,47.95,"Observed"
2022-07-25,"Common Murre",1,"1–10","Patch3",-53.04,47.95,"Observed"
2022-07-25,"Common Murre",1,"1–10","Patch3",-53.04,47.95,"Observed"
2022-07-25,"Common Murre",1,"1–10","Patch3",-53.04,47.95,"Observed"
2022-07-25,"Common Murre",1,"1–10","Patch3",-53.04,47.95,"Observed"
2022-07-25,"Common Murre",1,"1–10","Patch3",-53.04,47.95,"Observed"
2022-07-25,"Common Murre",1,"1–10","Patch3",-53.04,47.95,"Observed"
2022-07-26,"Common Murre",23,"10–50","Patch1",-54.08,46.809459,"Observed"
2022-07-26,"Common Murre",2,"1–10","Patch1",-54.08,46.809459,"Observed"
2022-07-26,"Common Murre",1,"1–10","Patch1",-53.66332,47.15187,"Observed"
2022-07-26,"Northern Gannet",12,"10–50","Patch1",-54.08,46.809459,"Observed"
2022-07-26,"Common Murre",1,"1–10","Patch2",-53.7482,46.83341,"Observed"
2022-07-26,"Northern Gannet",1,"1–10","Patch2",-53.37313,46.7259167,"Observed"
2022-07-26,"Northern Gannet",3,"1–10","Patch6",-57.7298,47.64272,"Observed"
2022-07-26,"Northern Gannet",4,"1–10","Patch6",-58.594941,48.543594,"Observed"
2022-07-26,"Northern Gannet",1,"1–10","Patch6",-58.73,48.5592,"Observed"
2022-07-27,"Common Murre",55,"50–100","Patch1",-54.08388,46.81375,"Observed"
2022-07-27,"Common Murre",175,"100–500","Patch1",-54.2174906,46.3697661,"Observed"
2022-07-27,"Common Murre",2,"1–10","Patch1",-54.1859,47.10301,"Observed"
2022-07-27,"Common Murre",4,"1–10","Patch1",-54.08388,46.81375,"Observed"
2022-07-27,"Northern Gannet",14,"10–50","Patch1",-54.08388,46.81375,"Observed"
2022-07-27,"Northern Gannet",2,"1–10","Patch1",-54.1859,47.10301,"Observed"
2022-07-27,"Common Murre",2,"1–10","Patch4",-53.5989,49.12106,"Observed"
2022-07-27,"Northern Gannet",149,"100–500","Patch4",-53.17636,49.75877,"Observed"
2022-07-27,"Northern Gannet",2,"1–10","Patch4",-53.5989,49.12106,"Observed"
2022-07-27,"Northern Gannet",1,"1–10","Patch4",-53.9595,49.45189,"Observed"
2022-07-27,"Common Murre",40,"10–50","Patch7",-55.3952,46.92517,"Observed"
2022-07-28,"Common Murre",27,"10–50","Patch1",-54.0837,46.81332,"Observed"
2022-07-28,"Common Murre",1,"1–10","Patch1",-54.193278,46.955472,"Observed"
2022-07-28,"Northern Gannet",1,"1–10","Patch1",-54.0837,46.81332,"Observed"
2022-07-28,"Common Murre",1,"1–10","Patch2",-52.83798,47.191671,"Observed"
2022-07-28,"Common Murre",7,"1–10","Patch2",-52.785131,47.257174,"Observed"
2022-07-28,"Common Murre",15,"10–50","Patch2",-52.7731,47.26258,"Observed"
2022-07-28,"Common Murre",15,"10–50","Patch2",-52.816272,47.207594,"Observed"
2022-07-28,"Common Murre",25,"10–50","Patch2",-52.839185,47.247007,"Observed"
2022-07-28,"Common Murre",2,"1–10","Patch2",-52.839185,47.247007,"Observed"
2022-07-28,"Common Murre",7,"1–10","Patch2",-52.820085,47.245739,"Observed"
2022-07-28,"Common Murre",8,"1–10","Patch2",-52.8515,47.21719,"Observed"
2022-07-28,"Common Murre",12,"10–50","Patch2",-53.3603,46.73612,"Observed"
2022-07-28,"Common Murre",2,"1–10","Patch2",-52.8124,47.31183,"Observed"
2022-07-28,"Northern Gannet",4,"1–10","Patch2",-52.7731,47.26258,"Observed"
2022-07-28,"Northern Gannet",1,"1–10","Patch2",-52.8325,47.28267,"Observed"
2022-07-28,"Northern Gannet",1,"1–10","Patch3",-53.1118,48.65334,"Observed"
2022-07-28,"Northern Gannet",1,"1–10","Patch3",-53.1118,48.65334,"Observed"
2022-07-28,"Common Murre",1,"1–10","Patch4",-53.51658,49.23364,"Observed"
2022-07-28,"Common Murre",100,"50–100","Patch4",-53.6586,48.86508,"Observed"
2022-07-28,"Northern Gannet",1,"1–10","Patch4",-54.17342,49.61541,"Observed"
2022-07-28,"Northern Gannet",1,"1–10","Patch5",-55.46059,51.52676,"Observed"
2022-07-28,"Northern Gannet",2,"1–10","Patch6",-57.9502,49.61747,"Observed"
2022-07-29,"Northern Gannet",365,"100–500","Patch1",-54.19889,46.83323,"Observed"
2022-07-29,"Northern Gannet",200,"100–500","Patch1",-54.18,46.81786,"Observed"
2022-07-29,"Common Murre",1,"1–10","Patch2",-52.8827,47.03395,"Observed"
2022-07-29,"Common Murre",1,"1–10","Patch2",-52.8827,47.03395,"Observed"
2022-07-29,"Common Murre",2,"1–10","Patch2",-52.87952,47.03438,"Observed"
2022-07-29,"Common Murre",16,"10–50","Patch2",-52.9502,47.0965,"Observed"
2022-07-29,"Common Murre",2,"1–10","Patch2",-52.8019,47.24995,"Observed"
2022-07-29,"Northern Gannet",1,"1–10","Patch2",-52.820686,47.279175,"Observed"
2022-07-29,"Northern Gannet",2,"1–10","Patch2",-52.8019,47.24995,"Observed"
2022-07-29,"Common Murre",100,"50–100","Patch3",-52.7126,47.56151,"Observed"
2022-07-29,"Common Murre",1,"1–10","Patch4",-53.5167,49.23333,"Observed"
2022-07-29,"Common Murre",6,"1–10","Patch4",-53.599,49.29494,"Observed"
2022-07-29,"Common Murre",1,"1–10","Patch4",-53.9595,49.45189,"Observed"
2022-07-29,"Common Murre",1,"1–10","Patch4",-53.9519,49.45204,"Observed"
2022-07-29,"Northern Gannet",1,"1–10","Patch4",-53.93,49.4418,"Observed"
2022-07-29,"Northern Gannet",1,"1–10","Patch4",-53.577,49.07472,"Observed"
2022-07-29,"Northern Gannet",1,"1–10","Patch4",-53.5167,49.23333,"Observed"
2022-07-29,"Northern Gannet",1,"1–10","Patch4",-53.91829,49.43927,"Observed"
2022-07-29,"Northern Gannet",1,"1–10","Patch4",-53.57718,49.0748,"Observed"
2022-07-29,"Northern Gannet",6,"1–10","Patch4",-53.599,49.29494,"Observed"
2022-07-29,"Northern Gannet",1,"1–10","Patch4",-53.9595,49.45189,"Observed"
2022-07-29,"Northern Gannet",1,"1–10","Patch4",-53.9304109,49.4428806,"Observed"
2022-07-29,"Northern Gannet",1,"1–10","Patch4",-53.9303733,49.4427212,"Observed"
2022-07-29,"Northern Gannet",1,"1–10","Patch4",-53.58,49.07,"Observed"
2022-07-29,"Northern Gannet",1,"1–10","Patch5",-55.4783,51.50476,"Observed"
2022-07-29,"Common Murre",1,"1–10","Patch6",-59.31022,47.66385,"Observed"
2022-07-30,"Common Murre",9,"1–10","Patch1",-54.15811,46.96008,"Observed"
2022-07-30,"Common Murre",4,"1–10","Patch1",-53.95038,46.8801,"Observed"
2022-07-30,"Northern Gannet",1,"1–10","Patch1",-54.15811,46.96008,"Observed"
2022-07-30,"Common Murre",15,"10–50","Patch2",-53.3603,46.73612,"Observed"
2022-07-30,"Common Murre",9,"1–10","Patch2",-53.7482,46.83341,"Observed"
2022-07-30,"Common Murre",96,"50–100","Patch2",-53.38233,46.72467,"Observed"
2022-07-30,"Common Murre",15,"10–50","Patch2",-53.38233,46.72467,"Observed"
2022-07-30,"Common Murre",2,"1–10","Patch2",-53.61425,46.8708,"Observed"
2022-07-30,"Common Murre",6,"1–10","Patch2",-52.9502,47.0965,"Observed"
2022-07-30,"Common Murre",2,"1–10","Patch2",-53.3603,46.73612,"Observed"
2022-07-30,"Common Murre",2,"1–10","Patch2",-53.38233,46.72467,"Observed"
2022-07-30,"Northern Gannet",5,"1–10","Patch2",-53.3603,46.73612,"Observed"
2022-07-30,"Northern Gannet",1,"1–10","Patch2",-53.7482,46.83341,"Observed"
2022-07-30,"Northern Gannet",5,"1–10","Patch2",-53.38233,46.72467,"Observed"
2022-07-30,"Northern Gannet",1,"1–10","Patch2",-53.3712447,46.7264782,"Observed"
2022-07-30,"Common Murre",2,"1–10","Patch3",-53.6404,48.03467,"Observed"
2022-07-30,"Common Murre",1,"1–10","Patch3",-53.03202,48.625,"Observed"
2022-07-30,"Common Murre",2,"1–10","Patch3",-53.64029,48.03469,"Observed"
2022-07-30,"Northern Gannet",1,"1–10","Patch3",-53.6404,48.03467,"Observed"
2022-07-30,"Northern Gannet",1,"1–10","Patch3",-53.6404,48.03467,"Observed"
2022-07-30,"Northern Gannet",2,"1–10","Patch3",-53.64029,48.03469,"Observed"
2022-07-30,"Northern Gannet",1,"1–10","Patch3",-53.27993,47.58385,"Observed"
2022-07-30,"Northern Gannet",1,"1–10","Patch3",-52.89629,48.08512,"Observed"
2022-07-30,"Northern Gannet",1,"1–10","Patch3",-53.2799,47.58205,"Observed"
2022-07-30,"Common Murre",50,"10–50","Patch4",-53.51658,49.23364,"Observed"
2022-07-30,"Common Murre",2,"1–10","Patch4",-53.91829,49.43927,"Observed"
2022-07-30,"Common Murre",11,"10–50","Patch4",-53.577,49.07472,"Observed"
2022-07-30,"Common Murre",3,"1–10","Patch4",-53.577,49.07472,"Observed"
2022-07-30,"Common Murre",1,"1–10","Patch4",-53.599,49.29494,"Observed"
2022-07-30,"Common Murre",1,"1–10","Patch4",-53.1721,48.74788,"Observed"
2022-07-30,"Common Murre",1,"1–10","Patch4",-53.5012,49.246,"Observed"
2022-07-30,"Common Murre",1,"1–10","Patch4",-53.58,49.07,"Observed"
2022-07-30,"Common Murre",1,"1–10","Patch4",-53.58,49.07,"Observed"
2022-07-30,"Common Murre",1,"1–10","Patch4",-53.73,48.64,"Observed"
2022-07-30,"Common Murre",1,"1–10","Patch4",-53.73,48.64,"Observed"
2022-07-30,"Common Murre",1,"1–10","Patch4",-53.73,48.64,"Observed"
2022-07-30,"Common Murre",1,"1–10","Patch4",-53.73,48.64,"Observed"
2022-07-30,"Northern Gannet",1,"1–10","Patch4",-53.5569,49.14814,"Observed"
2022-07-30,"Northern Gannet",1,"1–10","Patch4",-53.599,49.29494,"Observed"
2022-07-30,"Northern Gannet",1,"1–10","Patch4",-53.1721,48.74788,"Observed"
2022-07-30,"Northern Gannet",1,"1–10","Patch4",-53.592631,49.299591,"Observed"
2022-07-30,"Northern Gannet",1,"1–10","Patch4",-53.81268,49.394803,"Observed"
2022-07-30,"Northern Gannet",4,"1–10","Patch4",-53.5145,49.203,"Observed"
2022-07-30,"Northern Gannet",6,"1–10","Patch6",-57.3511,50.70291,"Observed"
2022-07-31,"Common Murre",1,"1–10","Patch1",-54.11675,47.03362,"Observed"
2022-07-31,"Common Murre",135,"100–500","Patch1",-54.08388,46.81375,"Observed"
2022-07-31,"Northern Gannet",1,"1–10","Patch1",-54.11675,47.03362,"Observed"
2022-07-31,"Northern Gannet",25,"10–50","Patch1",-54.08388,46.81375,"Observed"
2022-07-31,"Common Murre",1,"1–10","Patch2",-53.2464,46.67028,"Observed"
2022-07-31,"Common Murre",9,"1–10","Patch2",-53.2547,46.71414,"Observed"
2022-07-31,"Common Murre",13,"10–50","Patch2",-53.3603,46.73612,"Observed"
2022-07-31,"Northern Gannet",11,"10–50","Patch2",-53.2547,46.71414,"Observed"
2022-07-31,"Common Murre",1,"1–10","Patch3",-53.1539,48.656,"Observed"
2022-07-31,"Common Murre",1,"1–10","Patch4",-53.52,49.23,"Observed"
2022-07-31,"Northern Gannet",1,"1–10","Patch4",-53.4979,49.26129,"Observed"
2022-07-31,"Northern Gannet",1,"1–10","Patch4",-53.52,49.23,"Observed"
2022-08-01,"Common Murre",135,"100–500","Patch1",-54.08388,46.81375,"Observed"
2022-08-01,"Northern Gannet",7,"1–10","Patch1",-54.2,46.82,"Survey_Corrected"
2022-08-01,"Northern Gannet",22,"10–50","Patch1",-54.08388,46.81375,"Observed"
2022-08-01,"Common Murre",1,"1–10","Patch2",-52.807418,47.194698,"Observed"
2022-08-01,"Common Murre",1,"1–10","Patch2",-52.820085,47.245739,"Observed"
2022-08-01,"Northern Gannet",1,"1–10","Patch2",-53.6346154,46.7878286,"Observed"
2022-08-01,"Northern Gannet",1,"1–10","Patch2",-52.807418,47.194698,"Observed"
2022-08-01,"Common Murre",11,"10–50","Patch4",-53.7527802,48.6526435,"Observed"
2022-08-01,"Common Murre",11,"10–50","Patch4",-53.577,49.07472,"Observed"
2022-08-01,"Common Murre",1,"1–10","Patch4",-53.577,49.07472,"Observed"
2022-08-01,"Common Murre",1,"1–10","Patch4",-53.7799,49.57984,"Observed"
2022-08-01,"Common Murre",1,"1–10","Patch4",-53.58,49.07,"Observed"
2022-08-01,"Common Murre",1,"1–10","Patch4",-53.58,49.07,"Observed"
2022-08-01,"Common Murre",1,"1–10","Patch4",-53.58,49.07,"Observed"
2022-08-01,"Northern Gannet",15,"10–50","Patch4",-53.9,47.6,"Survey_Corrected"
2022-08-01,"Northern Gannet",2,"1–10","Patch4",-53.7527802,48.6526435,"Observed"
2022-08-01,"Northern Gannet",1,"1–10","Patch4",-53.57718,49.0748,"Observed"
2022-08-01,"Northern Gannet",1,"1–10","Patch4",-53.7799,49.57984,"Observed"
2022-08-01,"Northern Gannet",1,"1–10","Patch4",-53.1721,48.74788,"Observed"
2022-08-01,"Northern Gannet",2,"1–10","Patch5",-55.58537,52.27448,"Observed"
2022-08-01,"Common Murre",1,"1–10","Patch6",-59.25679,47.63479,"Observed"
2022-08-01,"Northern Gannet",1,"1–10","Patch6",-57.959525,49.6803133,"Observed"
2022-08-02,"Common Murre",1,"1–10","Patch1",-54.20663,46.82106,"Observed"
2022-08-02,"Northern Gannet",9,"1–10","Patch1",-54.2,46.82,"Survey_Corrected"
2022-08-02,"Northern Gannet",1,"1–10","Patch1",-54.1852,46.91544,"Observed"
2022-08-02,"Northern Gannet",1,"1–10","Patch1",-54.19583,46.9046,"Observed"
2022-08-02,"Northern Gannet",1,"1–10","Patch1",-54.21652,46.88801,"Observed"
2022-08-02,"Northern Gannet",1,"1–10","Patch1",-54.19736,46.81895,"Observed"
2022-08-02,"Northern Gannet",1,"1–10","Patch1",-54.19736,46.81895,"Observed"
2022-08-02,"Northern Gannet",1,"1–10","Patch1",-54.19736,46.81895,"Observed"
2022-08-02,"Northern Gannet",1,"1–10","Patch1",-54.19736,46.81895,"Observed"
2022-08-02,"Northern Gannet",1,"1–10","Patch1",-54.20614,46.81991,"Observed"
2022-08-02,"Northern Gannet",1,"1–10","Patch1",-54.20663,46.82106,"Observed"
2022-08-02,"Northern Gannet",1,"1–10","Patch1",-54.20241,46.85406,"Observed"
2022-08-02,"Common Murre",3,"1–10","Patch2",-52.8246709,47.2420028,"Observed"
2022-08-02,"Common Murre",6,"1–10","Patch2",-52.839185,47.247007,"Observed"
2022-08-02,"Northern Gannet",2,"1–10","Patch2",-52.8246709,47.2420028,"Observed"
2022-08-02,"Common Murre",7,"1–10","Patch4",-53.577,49.07472,"Observed"
2022-08-02,"Common Murre",1,"1–10","Patch4",-53.577,49.07472,"Observed"
2022-08-02,"Northern Gannet",22,"10–50","Patch4",-53.9,47.6,"Survey_Corrected"
2022-08-02,"Northern Gannet",1,"1–10","Patch4",-53.91829,49.43927,"Observed"
2022-08-02,"Northern Gannet",7,"1–10","Patch4",-53.8715467,49.5093968,"Observed"
2022-08-02,"Northern Gannet",1,"1–10","Patch4",-53.577,49.07472,"Observed"
2022-08-02,"Northern Gannet",1,"1–10","Patch4",-53.8543,49.43887,"Observed"
2022-08-02,"Northern Gannet",1,"1–10","Patch4",-53.8543,49.43887,"Observed"
2022-08-02,"Northern Gannet",1,"1–10","Patch4",-53.58,49.07,"Observed"
2022-08-02,"Northern Gannet",1,"1–10","Patch5",-56.7332,51.5705,"Observed"
2022-08-03,"Northern Gannet",15,"10–50","Patch1",-54.2,46.82,"Survey_Corrected"
2022-08-03,"Common Murre",1,"1–10","Patch2",-52.816272,47.207594,"Observed"
2022-08-03,"Common Murre",1,"1–10","Patch2",-52.839185,47.247007,"Observed"
2022-08-03,"Common Murre",2,"1–10","Patch2",-52.835573,47.244767,"Observed"
2022-08-03,"Common Murre",1,"1–10","Patch2",-52.8325,47.2827,"Observed"
2022-08-03,"Northern Gannet",1,"1–10","Patch2",-52.8891144,47.0283661,"Observed"
2022-08-03,"Northern Gannet",1,"1–10","Patch2",-52.81347,47.188,"Observed"
2022-08-03,"Northern Gannet",1,"1–10","Patch2",-52.9112,46.97032,"Observed"
2022-08-03,"Northern Gannet",1,"1–10","Patch3",-53.6404,48.03467,"Observed"
2022-08-03,"Common Murre",7,"1–10","Patch4",-53.577,49.07472,"Observed"
2022-08-03,"Common Murre",1,"1–10","Patch4",-53.577,49.07472,"Observed"
2022-08-03,"Common Murre",1,"1–10","Patch4",-53.577,49.07472,"Observed"
2022-08-03,"Common Murre",1,"1–10","Patch4",-54.1404,49.66902,"Observed"
2022-08-03,"Common Murre",1,"1–10","Patch4",-53.6115,49.30853,"Observed"
2022-08-03,"Common Murre",1,"1–10","Patch4",-53.6115,49.30853,"Observed"
2022-08-03,"Northern Gannet",19,"10–50","Patch4",-53.9,47.6,"Survey_Corrected"
2022-08-03,"Northern Gannet",2,"1–10","Patch4",-53.577,49.07472,"Observed"
2022-08-03,"Northern Gannet",1,"1–10","Patch4",-53.577,49.07472,"Observed"
2022-08-03,"Northern Gannet",2,"1–10","Patch4",-54.1404,49.66902,"Observed"
2022-08-03,"Northern Gannet",1,"1–10","Patch4",-53.6115,49.30853,"Observed"
2022-08-03,"Northern Gannet",1,"1–10","Patch4",-53.6115,49.30853,"Observed"
2022-08-03,"Northern Gannet",1,"1–10","Patch6",-57.9646117,49.6829833,"Observed"
2022-08-03,"Northern Gannet",1,"1–10","Patch6",-57.9646806,49.6830278,"Observed"
2022-08-04,"Common Murre",1,"1–10","Patch1",-54.19466,46.94321,"Observed"
2022-08-04,"Common Murre",1,"1–10","Patch1",-54.16995,46.98958,"Observed"
2022-08-04,"Common Murre",1,"1–10","Patch1",-54.1727,46.9821,"Observed"
2022-08-04,"Common Murre",1,"1–10","Patch1",-54.17991,46.97066,"Observed"
2022-08-04,"Common Murre",1,"1–10","Patch1",-54.19536,46.9338,"Observed"
2022-08-04,"Common Murre",1,"1–10","Patch1",-54.18878,46.90612,"Observed"
2022-08-04,"Common Murre",1,"1–10","Patch1",-54.17738,46.918358,"Observed"
2022-08-04,"Common Murre",123,"100–500","Patch1",-54.0877976,46.8105,"Observed"
2022-08-04,"Common Murre",10,"1–10","Patch1",-54.0877976,46.8105,"Observed"
2022-08-04,"Northern Gannet",17,"10–50","Patch1",-54.2,46.82,"Survey_Corrected"
2022-08-04,"Northern Gannet",1,"1–10","Patch1",-54.19059,46.96476,"Observed"
2022-08-04,"Northern Gannet",1,"1–10","Patch1",-54.16812,46.99824,"Observed"
2022-08-04,"Northern Gannet",1,"1–10","Patch1",-54.18789,46.91425,"Observed"
2022-08-04,"Northern Gannet",1,"1–10","Patch1",-54.19972,46.90387,"Observed"
2022-08-04,"Northern Gannet",1,"1–10","Patch1",-54.19972,46.90387,"Observed"
2022-08-04,"Northern Gannet",40,"10–50","Patch1",-54.0877976,46.8105,"Observed"
2022-08-04,"Northern Gannet",1,"1–10","Patch1",-54.1922046,46.823281,"Observed"
2022-08-04,"Common Murre",28,"10–50","Patch2",-53.26,46.684411,"Observed"
2022-08-04,"Common Murre",2,"1–10","Patch2",-53.26,46.684411,"Observed"
2022-08-04,"Common Murre",36,"10–50","Patch2",-53.26,46.684411,"Observed"
2022-08-04,"Northern Gannet",6,"1–10","Patch2",-53.26,46.684411,"Observed"
2022-08-04,"Northern Gannet",8,"1–10","Patch2",-53.26,46.684411,"Observed"
2022-08-04,"Common Murre",25,"10–50","Patch3",-53.0849,48.49774,"Observed"
2022-08-04,"Common Murre",2,"1–10","Patch4",-53.6899,49.35108,"Observed"
2022-08-04,"Common Murre",16,"10–50","Patch4",-54.6074,49.64397,"Observed"
2022-08-04,"Common Murre",4,"1–10","Patch4",-54.6074,49.64397,"Observed"
2022-08-04,"Common Murre",2,"1–10","Patch4",-53.7127,48.5753,"Observed"
2022-08-04,"Common Murre",3,"1–10","Patch4",-53.7127,48.5753,"Observed"
2022-08-04,"Common Murre",1,"1–10","Patch4",-53.8730411,49.5271564,"Observed"
2022-08-04,"Common Murre",1,"1–10","Patch4",-53.700263,49.345484,"Observed"
2022-08-04,"Common Murre",1,"1–10","Patch4",-53.700263,49.345484,"Observed"
2022-08-04,"Northern Gannet",28,"10–50","Patch4",-53.9,47.6,"Survey_Corrected"
2022-08-04,"Northern Gannet",12,"10–50","Patch4",-53.7,49.33492,"Observed"
2022-08-04,"Northern Gannet",1,"1–10","Patch4",-53.91829,49.43927,"Observed"
2022-08-04,"Northern Gannet",8,"1–10","Patch4",-53.6899,49.35108,"Observed"
2022-08-04,"Northern Gannet",1,"1–10","Patch4",-54.6074,49.64397,"Observed"
2022-08-04,"Northern Gannet",2,"1–10","Patch4",-53.7127,48.5753,"Observed"
2022-08-04,"Northern Gannet",2,"1–10","Patch4",-53.7127,48.5753,"Observed"
2022-08-04,"Northern Gannet",1,"1–10","Patch4",-53.8730411,49.5271564,"Observed"
2022-08-04,"Northern Gannet",1,"1–10","Patch4",-53.700263,49.345484,"Observed"
2022-08-04,"Common Murre",28,"10–50","Patch5",-56.78288,51.2008,"Observed"
2022-08-04,"Common Murre",36,"10–50","Patch5",-56.78288,51.2008,"Observed"
2022-08-04,"Common Murre",2,"1–10","Patch5",-56.78288,51.2008,"Observed"
2022-08-04,"Northern Gannet",6,"1–10","Patch5",-56.78288,51.2008,"Observed"
2022-08-04,"Northern Gannet",8,"1–10","Patch5",-56.78288,51.2008,"Observed"
2022-08-05,"Common Murre",97,"50–100","Patch1",-54.08388,46.81375,"Observed"
2022-08-05,"Common Murre",50,"10–50","Patch1",-53.6633,47.15182,"Observed"
2022-08-05,"Common Murre",1,"1–10","Patch1",-53.9887,47.75744,"Observed"
2022-08-05,"Common Murre",12,"10–50","Patch1",-54.0877976,46.8105,"Observed"
2022-08-05,"Common Murre",1,"1–10","Patch1",-54.0853863,46.8099362,"Observed"
2022-08-05,"Common Murre",3,"1–10","Patch1",-54.08388,46.81375,"Observed"
2022-08-05,"Northern Gannet",17,"10–50","Patch1",-54.2,46.82,"Survey_Corrected"
2022-08-05,"Northern Gannet",50,"10–50","Patch1",-54.1846,46.8223,"Observed"
2022-08-05,"Northern Gannet",1,"1–10","Patch1",-54.0878339,46.8098526,"Observed"
2022-08-05,"Northern Gannet",25,"10–50","Patch1",-54.08388,46.81375,"Observed"
2022-08-05,"Northern Gannet",43,"10–50","Patch1",-54.0877976,46.8105,"Observed"
2022-08-05,"Common Murre",1,"1–10","Patch3",-53.065,48.53721,"Observed"
2022-08-05,"Northern Gannet",2,"1–10","Patch3",-53.1118,48.65334,"Observed"
2022-08-05,"Northern Gannet",2,"1–10","Patch3",-53.065,48.53721,"Observed"
2022-08-05,"Northern Gannet",10,"1–10","Patch3",-53.1118,48.65334,"Observed"
2022-08-05,"Common Murre",1,"1–10","Patch4",-53.8542,49.54149,"Observed"
2022-08-05,"Common Murre",29,"10–50","Patch4",-53.577,49.07472,"Observed"
2022-08-05,"Common Murre",5,"1–10","Patch4",-53.577,49.07472,"Observed"
2022-08-05,"Common Murre",2,"1–10","Patch4",-53.59849,49.29533,"Observed"
2022-08-05,"Common Murre",2,"1–10","Patch4",-53.49496,49.23485,"Observed"
2022-08-05,"Common Murre",2,"1–10","Patch4",-53.6696,48.93568,"Observed"
2022-08-05,"Common Murre",1,"1–10","Patch4",-53.6115,49.30853,"Observed"
2022-08-05,"Common Murre",1,"1–10","Patch4",-53.603301,49.2960001,"Observed"
2022-08-05,"Common Murre",1,"1–10","Patch4",-53.603301,49.2960001,"Observed"
2022-08-05,"Common Murre",1,"1–10","Patch4",-53.5157458,49.2336346,"Observed"
2022-08-05,"Common Murre",1,"1–10","Patch4",-53.5157458,49.2336346,"Observed"
2022-08-05,"Northern Gannet",31,"10–50","Patch4",-53.9,47.6,"Survey_Corrected"
2022-08-05,"Northern Gannet",3,"1–10","Patch4",-53.8542,49.54149,"Observed"
2022-08-05,"Northern Gannet",2,"1–10","Patch4",-53.8542,49.54149,"Observed"
2022-08-05,"Northern Gannet",1,"1–10","Patch4",-53.577,49.07472,"Observed"
2022-08-05,"Northern Gannet",1,"1–10","Patch4",-53.577,49.07472,"Observed"
2022-08-05,"Northern Gannet",3,"1–10","Patch4",-53.6899,49.35108,"Observed"
2022-08-05,"Northern Gannet",2,"1–10","Patch4",-53.59849,49.29533,"Observed"
2022-08-05,"Northern Gannet",3,"1–10","Patch4",-53.49495,49.23485,"Observed"
2022-08-05,"Northern Gannet",30,"10–50","Patch4",-53.5167,49.23333,"Observed"
2022-08-05,"Northern Gannet",8,"1–10","Patch4",-53.5569,49.14814,"Observed"
2022-08-05,"Northern Gannet",1,"1–10","Patch4",-53.6115,49.30853,"Observed"
2022-08-05,"Northern Gannet",2,"1–10","Patch4",-54.05,49.4667,"Observed"
2022-08-05,"Northern Gannet",1,"1–10","Patch4",-53.6905834,49.3507975,"Observed"
2022-08-05,"Northern Gannet",1,"1–10","Patch4",-53.6905834,49.3507975,"Observed"
2022-08-05,"Northern Gannet",1,"1–10","Patch4",-53.6905834,49.3507975,"Observed"
2022-08-05,"Northern Gannet",1,"1–10","Patch4",-53.603301,49.2960001,"Observed"
2022-08-05,"Northern Gannet",1,"1–10","Patch4",-53.603301,49.2960001,"Observed"
2022-08-05,"Northern Gannet",1,"1–10","Patch4",-53.5157458,49.2336346,"Observed"
2022-08-05,"Northern Gannet",1,"1–10","Patch4",-53.5157458,49.2336346,"Observed"
2022-08-05,"Northern Gannet",1,"1–10","Patch4",-53.603301,49.2960001,"Observed"
2022-08-05,"Northern Gannet",1,"1–10","Patch5",-56.1218,50.87049,"Observed"
2022-08-05,"Northern Gannet",2,"1–10","Patch7",-55.4204,46.87839,"Observed"
2022-08-06,"Common Murre",1,"1–10","Patch1",-54.1864,46.90766,"Observed"
2022-08-06,"Northern Gannet",14,"10–50","Patch1",-54.2,46.82,"Survey_Corrected"
2022-08-06,"Common Murre",1,"1–10","Patch2",-52.8246709,47.2420028,"Observed"
2022-08-06,"Northern Gannet",1,"1–10","Patch2",-53.2229,47.45427,"Observed"
2022-08-06,"Common Murre",30,"10–50","Patch3",-53.26614,48.37007,"Observed"
2022-08-06,"Common Murre",2,"1–10","Patch3",-53.0476,48.6347,"Observed"
2022-08-06,"Northern Gannet",4,"1–10","Patch3",-53.26614,48.37007,"Observed"
2022-08-06,"Northern Gannet",17,"10–50","Patch4",-53.9,47.6,"Survey_Corrected"
2022-08-06,"Northern Gannet",1,"1–10","Patch4",-53.91829,49.43927,"Observed"
2022-08-06,"Northern Gannet",2,"1–10","Patch4",-54.1404,49.66902,"Observed"
2022-08-07,"Northern Gannet",11,"10–50","Patch1",-54.2,46.82,"Survey_Corrected"
2022-08-07,"Common Murre",8,"1–10","Patch3",-53.3259,48.3921,"Observed"
2022-08-07,"Common Murre",1,"1–10","Patch3",-53.3573389,48.3666333,"Observed"
2022-08-07,"Northern Gannet",27,"10–50","Patch4",-53.9,47.6,"Survey_Corrected"
2022-08-07,"Northern Gannet",1,"1–10","Patch4",-53.6115,49.30853,"Observed"
2022-08-08,"Common Murre",130,"100–500","Patch1",-54.0877976,46.8105,"Observed"
2022-08-08,"Common Murre",8,"1–10","Patch1",-54.0877976,46.8105,"Observed"
2022-08-08,"Northern Gannet",15,"10–50","Patch1",-54.2,46.82,"Survey_Corrected"
2022-08-08,"Northern Gannet",6,"1–10","Patch1",-53.53557,47.17471,"Observed"
2022-08-08,"Northern Gannet",52,"50–100","Patch1",-54.0877976,46.8105,"Observed"
2022-08-08,"Common Murre",2,"1–10","Patch2",-52.9207,47.37869,"Observed"
2022-08-08,"Northern Gannet",2,"1–10","Patch2",-52.8364,47.2457,"Observed"
2022-08-08,"Common Murre",15,"10–50","Patch3",-53.31,48.39185,"Observed"
2022-08-08,"Common Murre",30,"10–50","Patch3",-53.2659,48.36857,"Observed"
2022-08-08,"Common Murre",7,"1–10","Patch3",-53.3276,48.39661,"Observed"
2022-08-08,"Common Murre",1,"1–10","Patch3",-53.3276,48.39661,"Observed"
2022-08-08,"Common Murre",7,"1–10","Patch3",-53.0134,48.61898,"Observed"
2022-08-08,"Common Murre",1,"1–10","Patch3",-53.0314,48.6246,"Observed"
2022-08-08,"Northern Gannet",4,"1–10","Patch3",-53.31,48.39185,"Observed"
2022-08-08,"Northern Gannet",4,"1–10","Patch3",-53.2659,48.36857,"Observed"
2022-08-08,"Northern Gannet",1,"1–10","Patch3",-53.3276,48.39661,"Observed"
2022-08-08,"Northern Gannet",5,"1–10","Patch3",-53.3259,48.3921,"Observed"
2022-08-08,"Northern Gannet",1,"1–10","Patch3",-53.0314,48.6246,"Observed"
2022-08-08,"Northern Gannet",36,"10–50","Patch4",-53.9,47.6,"Survey_Corrected"
2022-08-08,"Northern Gannet",2,"1–10","Patch4",-54.4084,49.67239,"Observed"
2022-08-09,"Northern Gannet",16,"10–50","Patch1",-54.2,46.82,"Survey_Corrected"
2022-08-09,"Northern Gannet",1,"1–10","Patch2",-52.84,47.2449,"Observed"
2022-08-09,"Northern Gannet",1,"1–10","Patch2",-52.841,47.2449,"Observed"
2022-08-09,"Common Murre",1,"1–10","Patch3",-53.4091,48.3041,"Observed"
2022-08-09,"Northern Gannet",26,"10–50","Patch4",-53.9,47.6,"Survey_Corrected"
2022-08-09,"Northern Gannet",1,"1–10","Patch4",-53.5328,49.27451,"Observed"
2022-08-09,"Northern Gannet",1,"1–10","Patch4",-53.431,49.254,"Observed"
2022-08-10,"Common Murre",3,"1–10","Patch1",-54.0877976,46.8105,"Observed"
2022-08-10,"Northern Gannet",19,"10–50","Patch1",-54.2,46.82,"Survey_Corrected"
2022-08-10,"Northern Gannet",1,"1–10","Patch1",-53.7676,47.63447,"Observed"
2022-08-10,"Common Murre",4,"1–10","Patch3",-53.08,48.4977,"Observed"
2022-08-10,"Common Murre",12,"10–50","Patch3",-53.11205,48.65539,"Observed"
2022-08-10,"Common Murre",15,"10–50","Patch3",-53.29841,48.38368,"Observed"
2022-08-10,"Common Murre",10,"1–10","Patch3",-53.0189,48.53717,"Observed"
2022-08-10,"Common Murre",4,"1–10","Patch3",-53.0849,48.4977,"Observed"
2022-08-10,"Common Murre",1,"1–10","Patch3",-53.7446344,48.1536851,"Observed"
2022-08-10,"Common Murre",1,"1–10","Patch3",-53.745245,48.1544244,"Observed"
2022-08-10,"Northern Gannet",1,"1–10","Patch3",-53.07627,47.87787,"Observed"
2022-08-10,"Northern Gannet",1,"1–10","Patch3",-53.29841,48.38368,"Observed"
2022-08-10,"Northern Gannet",1,"1–10","Patch3",-53.7445893,48.1535931,"Observed"
2022-08-10,"Northern Gannet",1,"1–10","Patch3",-53.09,47.86,"Observed"
2022-08-10,"Common Murre",7,"1–10","Patch4",-53.91829,49.43927,"Observed"
2022-08-10,"Northern Gannet",38,"10–50","Patch4",-53.9,47.6,"Survey_Corrected"
2022-08-10,"Northern Gannet",1,"1–10","Patch4",-53.56292,49.27629,"Observed"
2022-08-10,"Northern Gannet",9,"1–10","Patch4",-53.91829,49.43927,"Observed"
2022-08-10,"Northern Gannet",2,"1–10","Patch5",-55.58551,52.27545,"Observed"
2022-08-11,"Northern Gannet",20,"10–50","Patch1",-54.2,46.82,"Survey_Corrected"
2022-08-11,"Northern Gannet",71,"50–100","Patch2",-53.6368,46.8003,"Observed"
2022-08-11,"Northern Gannet",1,"1–10","Patch2",-52.8364,47.2457,"Observed"
2022-08-11,"Northern Gannet",1,"1–10","Patch2",-53.1247,47.38496,"Observed"
2022-08-11,"Common Murre",23,"10–50","Patch3",-53.31,48.3895682,"Observed"
2022-08-11,"Common Murre",13,"10–50","Patch3",-53.3259,48.39211,"Observed"
2022-08-11,"Common Murre",1,"1–10","Patch3",-53.4091,48.3041,"Observed"
2022-08-11,"Common Murre",23,"10–50","Patch3",-53.3259,48.3921,"Observed"
2022-08-11,"Common Murre",20,"10–50","Patch3",-53.0417,48.6384,"Observed"
2022-08-11,"Northern Gannet",3,"1–10","Patch3",-53.31,48.3895682,"Observed"
2022-08-11,"Northern Gannet",1,"1–10","Patch3",-53.28,47.6128,"Observed"
2022-08-11,"Northern Gannet",3,"1–10","Patch3",-53.3259,48.39211,"Observed"
2022-08-11,"Northern Gannet",3,"1–10","Patch3",-52.7107,47.64318,"Observed"
2022-08-11,"Northern Gannet",1,"1–10","Patch3",-53.7469,48.15461,"Observed"
2022-08-11,"Northern Gannet",1,"1–10","Patch3",-53.1076,47.84674,"Observed"
2022-08-11,"Northern Gannet",3,"1–10","Patch3",-53.3259,48.3921,"Observed"
2022-08-11,"Northern Gannet",1,"1–10","Patch3",-53.2794,47.6128,"Observed"
2022-08-11,"Northern Gannet",1,"1–10","Patch3",-53.24,47.55,"Observed"
2022-08-11,"Northern Gannet",1,"1–10","Patch3",-53.09,47.89,"Observed"
2022-08-11,"Common Murre",1,"1–10","Patch4",-53.9069,48.9879,"Observed"
2022-08-11,"Common Murre",1,"1–10","Patch4",-53.59,49.29925,"Observed"
2022-08-11,"Northern Gannet",34,"10–50","Patch4",-53.9,47.6,"Survey_Corrected"
2022-08-11,"Northern Gannet",1,"1–10","Patch4",-54.7911,49.674,"Observed"
2022-08-11,"Northern Gannet",1,"1–10","Patch4",-53.59,49.29925,"Observed"
2022-08-11,"Northern Gannet",2,"1–10","Patch5",-55.5852,52.27363,"Observed"
2022-08-11,"Common Murre",15,"10–50","Patch7",-55.4205,46.87848,"Observed"
2022-08-11,"Northern Gannet",1,"1–10","Patch7",-55.619845,46.8979457,"Observed"
2022-08-12,"Northern Gannet",19,"10–50","Patch1",-54.2,46.82,"Survey_Corrected"
2022-08-12,"Common Murre",1,"1–10","Patch2",-52.816272,47.207594,"Observed"
2022-08-12,"Common Murre",1,"1–10","Patch2",-52.839185,47.247007,"Observed"
2022-08-12,"Northern Gannet",1,"1–10","Patch2",-52.8325,47.28267,"Observed"
2022-08-12,"Northern Gannet",1,"1–10","Patch2",-53.0075716,47.3254187,"Observed"
2022-08-12,"Northern Gannet",1,"1–10","Patch2",-52.807418,47.194698,"Observed"
2022-08-12,"Northern Gannet",1,"1–10","Patch2",-52.823562,47.240308,"Observed"
2022-08-12,"Northern Gannet",1,"1–10","Patch2",-52.839185,47.247007,"Observed"
2022-08-12,"Common Murre",1,"1–10","Patch3",-53.4055,48.30356,"Observed"
2022-08-12,"Common Murre",10,"1–10","Patch3",-53.32647,48.3921,"Observed"
2022-08-12,"Northern Gannet",1,"1–10","Patch3",-53.3751,48.39701,"Observed"
2022-08-12,"Northern Gannet",1,"1–10","Patch3",-52.7305566,47.6597117,"Observed"
2022-08-12,"Northern Gannet",3,"1–10","Patch3",-53.32647,48.3921,"Observed"
2022-08-12,"Northern Gannet",1,"1–10","Patch3",-53.32,47.58,"Observed"
2022-08-12,"Common Murre",12,"10–50","Patch4",-53.5524,49.16545,"Observed"
2022-08-12,"Common Murre",1,"1–10","Patch4",-53.7799,49.57984,"Observed"
2022-08-12,"Common Murre",1,"1–10","Patch4",-53.935623,49.4445034,"Observed"
2022-08-12,"Northern Gannet",48,"10–50","Patch4",-53.9,47.6,"Survey_Corrected"
2022-08-12,"Northern Gannet",1,"1–10","Patch4",-54.2133,48.78508,"Observed"
2022-08-12,"Northern Gannet",2,"1–10","Patch4",-53.56292,49.27629,"Observed"
2022-08-12,"Northern Gannet",1,"1–10","Patch4",-53.7799,49.57984,"Observed"
2022-08-12,"Northern Gannet",1,"1–10","Patch4",-53.7799,49.57984,"Observed"
2022-08-12,"Northern Gannet",1,"1–10","Patch4",-53.9426985,49.4495382,"Observed"
2022-08-12,"Northern Gannet",1,"1–10","Patch7",-55.4826538,46.9298025,"Observed"
2022-08-13,"Common Murre",5,"1–10","Patch1",-54.0025,47.23164,"Observed"
2022-08-13,"Northern Gannet",28,"10–50","Patch1",-54.2,46.82,"Survey_Corrected"
2022-08-13,"Northern Gannet",1,"1–10","Patch1",-54.15743,47.85255,"Observed"
2022-08-13,"Common Murre",2,"1–10","Patch2",-52.823562,47.240308,"Observed"
2022-08-13,"Common Murre",1,"1–10","Patch2",-52.806622,47.281888,"Observed"
2022-08-13,"Common Murre",1,"1–10","Patch2",-52.807418,47.194698,"Observed"
2022-08-13,"Northern Gannet",1,"1–10","Patch2",-53.1159213,47.3624682,"Observed"
2022-08-13,"Northern Gannet",1,"1–10","Patch2",-53.13161,47.38598,"Observed"
2022-08-13,"Common Murre",10,"1–10","Patch3",-52.69614,47.65102,"Observed"
2022-08-13,"Common Murre",1,"1–10","Patch3",-53.1983867,47.7433083,"Observed"
2022-08-13,"Common Murre",1,"1–10","Patch3",-53.1974917,47.72003,"Observed"
2022-08-13,"Northern Gannet",1,"1–10","Patch3",-53.2677742,47.539178,"Observed"
2022-08-13,"Northern Gannet",1,"1–10","Patch3",-53.21795,48.02649,"Observed"
2022-08-13,"Northern Gannet",3,"1–10","Patch3",-53.1825,47.75746,"Observed"
2022-08-13,"Northern Gannet",1,"1–10","Patch3",-53.1833883,47.7572367,"Observed"
2022-08-13,"Northern Gannet",1,"1–10","Patch3",-53.196225,47.7188117,"Observed"
2022-08-13,"Northern Gannet",45,"10–50","Patch4",-53.9,47.6,"Survey_Corrected"
2022-08-13,"Northern Gannet",2,"1–10","Patch4",-54.28326,49.58347,"Observed"
2022-08-13,"Northern Gannet",1,"1–10","Patch4",-54.11977,49.81767,"Observed"
2022-08-13,"Northern Gannet",5,"1–10","Patch4",-53.577,49.07472,"Observed"
2022-08-14,"Northern Gannet",30,"10–50","Patch1",-54.2,46.82,"Survey_Corrected"
2022-08-14,"Common Murre",1,"1–10","Patch2",-52.807418,47.194698,"Observed"
2022-08-14,"Northern Gannet",8,"1–10","Patch2",-52.8155283,47.3185144,"Observed"
2022-08-14,"Common Murre",4,"1–10","Patch3",-52.63325,47.51766,"Observed"
2022-08-14,"Common Murre",1,"1–10","Patch3",-53.04637,48.63442,"Observed"
2022-08-14,"Northern Gannet",1,"1–10","Patch3",-52.63325,47.51766,"Observed"
2022-08-14,"Northern Gannet",53,"50–100","Patch4",-53.9,47.6,"Survey_Corrected"
2022-08-14,"Northern Gannet",5,"1–10","Patch4",-54.4084,49.67239,"Observed"
2022-08-14,"Common Murre",2,"1–10","Patch7",-55.17476,47.05349,"Observed"
2022-08-14,"Northern Gannet",3,"1–10","Patch7",-55.17476,47.05349,"Observed"
2022-08-15,"Common Murre",12,"10–50","Patch1",-54.0877976,46.8105,"Observed"
2022-08-15,"Northern Gannet",28,"10–50","Patch1",-54.2,46.82,"Survey_Corrected"
2022-08-15,"Northern Gannet",1,"1–10","Patch1",-53.91991,47.42746,"Observed"
2022-08-15,"Northern Gannet",16,"10–50","Patch1",-54.14797,46.82288,"Observed"
2022-08-15,"Northern Gannet",7,"1–10","Patch1",-54.14797,46.82288,"Observed"
2022-08-15,"Northern Gannet",4,"1–10","Patch1",-54.0877976,46.8105,"Observed"
2022-08-15,"Common Murre",15,"10–50","Patch3",-52.8007,48.13554,"Observed"
2022-08-15,"Common Murre",1,"1–10","Patch3",-53.07826,47.93607,"Observed"
2022-08-15,"Common Murre",1,"1–10","Patch3",-53.7435848,48.1533275,"Observed"
2022-08-15,"Common Murre",1,"1–10","Patch4",-53.5778,49.08009,"Observed"
2022-08-15,"Northern Gannet",41,"10–50","Patch4",-53.9,47.6,"Survey_Corrected"
2022-08-15,"Northern Gannet",1,"1–10","Patch4",-53.4778006,49.2456559,"Observed"
2022-08-15,"Northern Gannet",1,"1–10","Patch4",-53.5778,49.08009,"Observed"
2022-08-15,"Northern Gannet",1,"1–10","Patch5",-56.1218,50.87049,"Observed"
2022-08-15,"Northern Gannet",8,"1–10","Patch7",-55.16,47.1650754,"Observed"
2022-08-15,"Northern Gannet",10,"1–10","Patch7",-55.17476,47.05349,"Observed"
2022-08-16,"Common Murre",25,"10–50","Patch1",-54.188114,46.821661,"Observed"
2022-08-16,"Common Murre",18,"10–50","Patch1",-54.0877976,46.8105,"Observed"
2022-08-16,"Northern Gannet",30,"10–50","Patch1",-54.2,46.82,"Survey_Corrected"
2022-08-16,"Northern Gannet",164,"100–500","Patch1",-54.188114,46.821661,"Observed"
2022-08-16,"Northern Gannet",7,"1–10","Patch1",-54.0877976,46.8105,"Observed"
2022-08-16,"Northern Gannet",1,"1–10","Patch1",-54.1922046,46.823281,"Observed"
2022-08-16,"Northern Gannet",1,"1–10","Patch1",-54.1922046,46.823281,"Observed"
2022-08-16,"Northern Gannet",1,"1–10","Patch1",-53.7805,47.63594,"Observed"
2022-08-16,"Common Murre",9,"1–10","Patch2",-53.2466,46.67181,"Observed"
2022-08-16,"Common Murre",113,"100–500","Patch2",-53.25473,46.71414,"Observed"
2022-08-16,"Northern Gannet",8,"1–10","Patch2",-53.2466,46.67181,"Observed"
2022-08-16,"Northern Gannet",39,"10–50","Patch2",-53.25473,46.71414,"Observed"
2022-08-16,"Northern Gannet",7,"1–10","Patch2",-53.2466,46.67181,"Observed"
2022-08-16,"Northern Gannet",3,"1–10","Patch2",-53.25473,46.71414,"Observed"
2022-08-16,"Common Murre",2,"1–10","Patch3",-52.8956,48.08496,"Observed"
2022-08-16,"Common Murre",8,"1–10","Patch3",-52.8007,48.13554,"Observed"
2022-08-16,"Common Murre",1,"1–10","Patch3",-53.3587,48.36774,"Observed"
2022-08-16,"Common Murre",31,"10–50","Patch3",-53.3587,48.36774,"Observed"
2022-08-16,"Common Murre",1,"1–10","Patch3",-52.7744153,47.811093,"Observed"
2022-08-16,"Common Murre",1,"1–10","Patch3",-53.0390376,47.9522043,"Observed"
2022-08-16,"Common Murre",1,"1–10","Patch3",-53.0390376,47.9522043,"Observed"
2022-08-16,"Common Murre",1,"1–10","Patch3",-52.9377,47.89159,"Observed"
2022-08-16,"Common Murre",1,"1–10","Patch3",-52.775963,47.8123416,"Observed"
2022-08-16,"Common Murre",2,"1–10","Patch3",-53.0402,48.5456,"Observed"
2022-08-16,"Northern Gannet",3,"1–10","Patch3",-52.8007,48.13554,"Observed"
2022-08-16,"Northern Gannet",4,"1–10","Patch3",-53.3587,48.36774,"Observed"
2022-08-16,"Northern Gannet",1,"1–10","Patch3",-53.0390376,47.9522043,"Observed"
2022-08-16,"Northern Gannet",1,"1–10","Patch3",-53.0390376,47.9522043,"Observed"
2022-08-16,"Northern Gannet",2,"1–10","Patch3",-53.0402,48.5456,"Observed"
2022-08-16,"Northern Gannet",1,"1–10","Patch3",-52.8018731,48.1357281,"Observed"
2022-08-16,"Common Murre",400,"100–500","Patch4",-53.5,49.260353,"Observed"
2022-08-16,"Common Murre",3,"1–10","Patch4",-53.57648,48.43917,"Observed"
2022-08-16,"Common Murre",2,"1–10","Patch4",-53.88673,49.41809,"Observed"
2022-08-16,"Common Murre",1,"1–10","Patch4",-53.5716,49.29117,"Observed"
2022-08-16,"Common Murre",1,"1–10","Patch4",-53.4361833,49.2324833,"Observed"
2022-08-16,"Common Murre",1,"1–10","Patch4",-53.4102,49.2489,"Observed"
2022-08-16,"Common Murre",1,"1–10","Patch4",-53.5228,49.3031,"Observed"
2022-08-16,"Common Murre",1,"1–10","Patch4",-53.5228,49.3031,"Observed"
2022-08-16,"Common Murre",1,"1–10","Patch4",-53.5228,49.3031,"Observed"
2022-08-16,"Common Murre",1,"1–10","Patch4",-53.7987667,49.4560333,"Observed"
2022-08-16,"Northern Gannet",56,"50–100","Patch4",-53.9,47.6,"Survey_Corrected"
2022-08-16,"Northern Gannet",1,"1–10","Patch4",-53.948297,48.578149,"Observed"
2022-08-16,"Northern Gannet",3,"1–10","Patch4",-53.57648,48.43917,"Observed"
2022-08-16,"Northern Gannet",2,"1–10","Patch4",-53.88673,49.41809,"Observed"
2022-08-16,"Northern Gannet",1,"1–10","Patch4",-53.5228,49.3031,"Observed"
2022-08-16,"Northern Gannet",1,"1–10","Patch4",-53.5228,49.3031,"Observed"
2022-08-16,"Northern Gannet",1,"1–10","Patch4",-53.7359611,49.3773746,"Observed"
2022-08-16,"Common Murre",10,"1–10","Patch5",-56.78288,51.2008,"Observed"
2022-08-16,"Northern Gannet",20,"10–50","Patch5",-56.78288,51.2008,"Observed"
2022-08-17,"Northern Gannet",35,"10–50","Patch1",-54.2,46.82,"Survey_Corrected"
2022-08-17,"Common Murre",2,"1–10","Patch3",-53.05,47.5309,"Observed"
2022-08-17,"Common Murre",9,"1–10","Patch3",-52.83657,48.12389,"Observed"
2022-08-17,"Northern Gannet",1,"1–10","Patch3",-53.05,47.5302,"Observed"
2022-08-17,"Northern Gannet",1,"1–10","Patch3",-53.05,47.5309,"Observed"
2022-08-17,"Northern Gannet",2,"1–10","Patch3",-52.83657,48.12389,"Observed"
2022-08-17,"Common Murre",100,"50–100","Patch4",-53.5,49.260353,"Observed"
2022-08-17,"Common Murre",101,"100–500","Patch4",-53.4841,49.24179,"Observed"
2022-08-17,"Common Murre",102,"100–500","Patch4",-53.4842,49.238,"Observed"
2022-08-17,"Northern Gannet",57,"50–100","Patch4",-53.9,47.6,"Survey_Corrected"
2022-08-17,"Northern Gannet",50,"10–50","Patch4",-53.5,49.260353,"Observed"
2022-08-17,"Northern Gannet",1,"1–10","Patch4",-54.17342,49.61541,"Observed"
2022-08-17,"Northern Gannet",1,"1–10","Patch4",-54.28672,49.40571,"Observed"
2022-08-17,"Northern Gannet",50,"10–50","Patch4",-53.4842,49.238,"Observed"
2022-08-17,"Common Murre",1,"1–10","Patch5",-56.7278,51.30004,"Observed"
2022-08-18,"Northern Gannet",36,"10–50","Patch1",-54.2,46.82,"Survey_Corrected"
2022-08-18,"Common Murre",10,"1–10","Patch2",-52.8827,47.03395,"Observed"
2022-08-18,"Common Murre",1,"1–10","Patch2",-52.807418,47.194698,"Observed"
2022-08-18,"Northern Gannet",5,"1–10","Patch2",-52.8827,47.03395,"Observed"
2022-08-18,"Common Murre",39,"10–50","Patch3",-52.8007,48.13554,"Observed"
2022-08-18,"Common Murre",12,"10–50","Patch3",-53.15244,47.78465,"Observed"
2022-08-18,"Northern Gannet",1,"1–10","Patch3",-52.8,48.1,"Survey_Corrected"
2022-08-18,"Northern Gannet",8,"1–10","Patch3",-52.8007,48.13554,"Observed"
2022-08-18,"Northern Gannet",2,"1–10","Patch3",-52.8007,48.13554,"Observed"
2022-08-18,"Common Murre",65,"50–100","Patch4",-53.7488,48.65091,"Observed"
2022-08-18,"Common Murre",58,"50–100","Patch4",-53.7488,48.65091,"Observed"
2022-08-18,"Common Murre",1,"1–10","Patch4",-53.7488,48.65091,"Observed"
2022-08-18,"Northern Gannet",54,"50–100","Patch4",-53.9,47.6,"Survey_Corrected"
2022-08-18,"Northern Gannet",23,"10–50","Patch4",-53.7488,48.65091,"Observed"
2022-08-18,"Northern Gannet",6,"1–10","Patch4",-53.7488,48.65091,"Observed"
2022-08-18,"Northern Gannet",1,"1–10","Patch5",-56.1218,50.87049,"Observed"
2022-08-19,"Common Murre",23,"10–50","Patch1",-53.4498,47.18349,"Observed"
2022-08-19,"Northern Gannet",35,"10–50","Patch1",-54.2,46.82,"Survey_Corrected"
2022-08-19,"Northern Gannet",20,"10–50","Patch1",-53.4498,47.18349,"Observed"
2022-08-19,"Common Murre",1,"1–10","Patch2",-52.81463,47.31861,"Observed"
2022-08-19,"Common Murre",3,"1–10","Patch3",-52.8007,48.13554,"Observed"
2022-08-19,"Common Murre",6,"1–10","Patch3",-53.68487,48.01128,"Observed"
2022-08-19,"Common Murre",12,"10–50","Patch3",-53.07093,47.91239,"Observed"
2022-08-19,"Northern Gannet",1,"1–10","Patch3",-52.8,48.1,"Survey_Corrected"
2022-08-19,"Northern Gannet",2,"1–10","Patch3",-52.8007,48.13554,"Observed"
2022-08-19,"Northern Gannet",2,"1–10","Patch3",-52.8007,48.13554,"Observed"
2022-08-19,"Common Murre",1,"1–10","Patch4",-53.916378,49.4390694,"Observed"
2022-08-19,"Northern Gannet",64,"50–100","Patch4",-53.9,47.6,"Survey_Corrected"
2022-08-19,"Northern Gannet",5,"1–10","Patch4",-53.5461,49.197,"Observed"
2022-08-20,"Northern Gannet",31,"10–50","Patch1",-54.2,46.82,"Survey_Corrected"
2022-08-20,"Northern Gannet",64,"50–100","Patch4",-53.9,47.6,"Survey_Corrected"
2022-08-20,"Common Murre",2,"1–10","Patch7",-55.62183,46.87743,"Observed"
2022-08-20,"Northern Gannet",1,"1–10","Patch7",-55.62183,46.87743,"Observed"
2022-08-21,"Common Murre",3,"1–10","Patch1",-53.5449,47.55167,"Observed"
2022-08-21,"Northern Gannet",32,"10–50","Patch1",-54.2,46.82,"Survey_Corrected"
2022-08-21,"Northern Gannet",3,"1–10","Patch1",-53.5449,47.55167,"Observed"
2022-08-21,"Common Murre",1,"1–10","Patch2",-52.807418,47.194698,"Observed"
2022-08-21,"Common Murre",1,"1–10","Patch2",-52.816272,47.207594,"Observed"
2022-08-21,"Northern Gannet",1,"1–10","Patch2",-52.823562,47.240308,"Observed"
2022-08-21,"Common Murre",40,"10–50","Patch3",-53.40551,48.30361,"Observed"
2022-08-21,"Northern Gannet",65,"50–100","Patch4",-53.9,47.6,"Survey_Corrected"
2022-08-21,"Northern Gannet",10,"1–10","Patch4",-53.642047,48.880868,"Observed"
2022-08-22,"Northern Gannet",46,"10–50","Patch1",-54.2,46.82,"Survey_Corrected"
2022-08-22,"Northern Gannet",1,"1–10","Patch1",-54.086754,46.809853,"Observed"
2022-08-22,"Northern Gannet",1,"1–10","Patch3",-52.8,48.1,"Survey_Corrected"
2022-08-22,"Northern Gannet",1,"1–10","Patch3",-52.71,47.47026,"Observed"
2022-08-22,"Northern Gannet",1,"1–10","Patch3",-52.70279,47.47321,"Observed"
2022-08-22,"Common Murre",10,"1–10","Patch4",-53.7,49.33492,"Observed"
2022-08-22,"Common Murre",10,"1–10","Patch4",-53.6899,49.35108,"Observed"
2022-08-22,"Northern Gannet",65,"50–100","Patch4",-53.9,47.6,"Survey_Corrected"
2022-08-22,"Northern Gannet",10,"1–10","Patch4",-53.7,49.33492,"Observed"
2022-08-22,"Northern Gannet",10,"1–10","Patch4",-53.6899,49.35108,"Observed"
2022-08-22,"Northern Gannet",2,"1–10","Patch4",-54.1735,49.72668,"Observed"
2022-08-22,"Northern Gannet",1,"1–10","Patch7",-55.3101,47.14915,"Observed"
2022-08-23,"Common Murre",15,"10–50","Patch1",-54.0877976,46.8105,"Observed"
2022-08-23,"Common Murre",1,"1–10","Patch1",-54.0877976,46.8105,"Observed"
2022-08-23,"Northern Gannet",47,"10–50","Patch1",-54.2,46.82,"Survey_Corrected"
2022-08-23,"Northern Gannet",10,"1–10","Patch1",-54.0877976,46.8105,"Observed"
2022-08-23,"Northern Gannet",1,"1–10","Patch3",-52.7717,47.44653,"Observed"
2022-08-23,"Northern Gannet",68,"50–100","Patch4",-53.9,47.6,"Survey_Corrected"
2022-08-23,"Northern Gannet",6,"1–10","Patch7",-55.082645,47.1054332,"Observed"
2022-08-24,"Northern Gannet",35,"10–50","Patch1",-54.2,46.82,"Survey_Corrected"
2022-08-24,"Northern Gannet",1,"1–10","Patch3",-52.6962,47.65067,"Observed"
2022-08-24,"Northern Gannet",1,"1–10","Patch3",-52.6962,47.65067,"Observed"
2022-08-24,"Northern Gannet",86,"50–100","Patch4",-53.9,47.6,"Survey_Corrected"
2022-08-24,"Northern Gannet",1,"1–10","Patch4",-53.700263,49.345484,"Observed"
2022-08-25,"Northern Gannet",31,"10–50","Patch1",-54.2,46.82,"Survey_Corrected"
2022-08-25,"Northern Gannet",1,"1–10","Patch1",-53.96444,47.24245,"Observed"
2022-08-25,"Northern Gannet",1,"1–10","Patch1",-53.9881,47.3019,"Observed"
2022-08-25,"Northern Gannet",1,"1–10","Patch1",-54.182596,46.818574,"Observed"
2022-08-25,"Common Murre",1,"1–10","Patch3",-52.89628,48.08512,"Observed"
2022-08-25,"Northern Gannet",1,"1–10","Patch3",-52.8,48.1,"Survey_Corrected"
2022-08-25,"Northern Gannet",1,"1–10","Patch3",-52.89628,48.08512,"Observed"
2022-08-25,"Common Murre",1,"1–10","Patch4",-53.700263,49.345484,"Observed"
2022-08-25,"Northern Gannet",69,"50–100","Patch4",-53.9,47.6,"Survey_Corrected"
2022-08-25,"Northern Gannet",1,"1–10","Patch4",-54.26243,49.58011,"Observed"
2022-08-25,"Northern Gannet",1,"1–10","Patch4",-53.700263,49.345484,"Observed"
2022-08-25,"Northern Gannet",1,"1–10","Patch4",-53.940114,49.446641,"Observed"
2022-08-25,"Northern Gannet",1,"1–10","Patch5",-56.12,50.057939,"Observed"
2022-08-26,"Common Murre",11,"10–50","Patch1",-53.98682,47.30214,"Observed"
2022-08-26,"Northern Gannet",44,"10–50","Patch1",-54.2,46.82,"Survey_Corrected"
2022-08-26,"Northern Gannet",1,"1–10","Patch1",-53.96444,47.24245,"Observed"
2022-08-26,"Northern Gannet",1,"1–10","Patch1",-53.98682,47.30214,"Observed"
2022-08-26,"Northern Gannet",1,"1–10","Patch2",-52.816272,47.207594,"Observed"
2022-08-26,"Northern Gannet",1,"1–10","Patch3",-52.8,48.1,"Survey_Corrected"
2022-08-26,"Northern Gannet",78,"50–100","Patch4",-53.9,47.6,"Survey_Corrected"
2022-08-26,"Northern Gannet",1,"1–10","Patch4",-53.700263,49.345484,"Observed"
2022-08-27,"Common Murre",15,"10–50","Patch1",-54.0877976,46.8105,"Observed"
2022-08-27,"Northern Gannet",39,"10–50","Patch1",-54.2,46.82,"Survey_Corrected"
2022-08-27,"Northern Gannet",15,"10–50","Patch1",-54.0877976,46.8105,"Observed"
2022-08-27,"Northern Gannet",1,"1–10","Patch3",-52.8,48.1,"Survey_Corrected"
2022-08-27,"Northern Gannet",69,"50–100","Patch4",-53.9,47.6,"Survey_Corrected"
2022-08-27,"Northern Gannet",1,"1–10","Patch5",-56.1041,50.73303,"Observed"
2022-08-28,"Northern Gannet",54,"50–100","Patch1",-54.2,46.82,"Survey_Corrected"
2022-08-28,"Northern Gannet",1,"1–10","Patch3",-52.8,48.1,"Survey_Corrected"
2022-08-28,"Northern Gannet",91,"50–100","Patch4",-53.9,47.6,"Survey_Corrected"
2022-08-29,"Common Murre",17,"10–50","Patch1",-54.0877976,46.8105,"Observed"
2022-08-29,"Northern Gannet",52,"50–100","Patch1",-54.2,46.82,"Survey_Corrected"
2022-08-29,"Northern Gannet",1,"1–10","Patch1",-54.9437,47.53009,"Observed"
2022-08-29,"Northern Gannet",31,"10–50","Patch1",-54.0877976,46.8105,"Observed"
2022-08-29,"Northern Gannet",2,"1–10","Patch3",-52.8,48.1,"Survey_Corrected"
2022-08-29,"Northern Gannet",107,"100–500","Patch4",-53.9,47.6,"Survey_Corrected"
2022-08-30,"Common Murre",16,"10–50","Patch1",-54.0877976,46.8105,"Observed"
2022-08-30,"Northern Gannet",34,"10–50","Patch1",-54.2,46.82,"Survey_Corrected"
2022-08-30,"Northern Gannet",31,"10–50","Patch1",-54.0877976,46.8105,"Observed"
2022-08-30,"Northern Gannet",1,"1–10","Patch3",-52.8,48.1,"Survey_Corrected"
2022-08-30,"Northern Gannet",113,"100–500","Patch4",-53.9,47.6,"Survey_Corrected"
2022-08-31,"Northern Gannet",47,"10–50","Patch1",-54.2,46.82,"Survey_Corrected"
2022-08-31,"Northern Gannet",1,"1–10","Patch1",-54.182596,46.818574,"Observed"
2022-08-31,"Common Murre",22,"10–50","Patch4",-53.56292,49.27629,"Observed"
2022-08-31,"Common Murre",3,"1–10","Patch4",-53.56292,49.27629,"Observed"
2022-08-31,"Northern Gannet",114,"100–500","Patch4",-53.9,47.6,"Survey_Corrected"
2022-08-31,"Northern Gannet",3,"1–10","Patch4",-53.56292,49.27629,"Observed"
2022-08-31,"Common Murre",2,"1–10","Patch5",-56.3002,52.54331,"Observed"
2022-08-31,"Common Murre",1,"1–10","Patch5",-55.700868,52.369401,"Observed"
2022-09-01,"Common Murre",15,"10–50","Patch1",-54.0877976,46.8105,"Observed"
2022-09-01,"Northern Gannet",49,"10–50","Patch1",-54.2,46.82,"Survey_Corrected"
2022-09-01,"Northern Gannet",28,"10–50","Patch1",-54.0877976,46.8105,"Observed"
2022-09-01,"Northern Gannet",1,"1–10","Patch2",-52.823562,47.240308,"Observed"
2022-09-01,"Northern Gannet",1,"1–10","Patch3",-52.8,48.1,"Survey_Corrected"
2022-09-01,"Common Murre",3,"1–10","Patch4",-53.91829,49.43927,"Observed"
2022-09-01,"Northern Gannet",108,"100–500","Patch4",-53.9,47.6,"Survey_Corrected"
2022-09-02,"Common Murre",19,"10–50","Patch1",-54.0877976,46.8105,"Observed"
2022-09-02,"Northern Gannet",40,"10–50","Patch1",-54.2,46.82,"Survey_Corrected"
2022-09-02,"Northern Gannet",33,"10–50","Patch1",-54.0877976,46.8105,"Observed"
2022-09-02,"Northern Gannet",2,"1–10","Patch3",-52.8,48.1,"Survey_Corrected"
2022-09-02,"Northern Gannet",2,"1–10","Patch3",-52.89628,48.08512,"Observed"
2022-09-02,"Northern Gannet",123,"100–500","Patch4",-53.9,47.6,"Survey_Corrected"
2022-09-03,"Northern Gannet",39,"10–50","Patch1",-54.2,46.82,"Survey_Corrected"
2022-09-03,"Common Murre",1,"1–10","Patch2",-52.816272,47.207594,"Observed"
2022-09-03,"Northern Gannet",1,"1–10","Patch2",-52.841,47.24489,"Observed"
2022-09-03,"Northern Gannet",1,"1–10","Patch3",-52.8,48.1,"Survey_Corrected"
2022-09-03,"Northern Gannet",115,"100–500","Patch4",-53.9,47.6,"Survey_Corrected"
2022-09-03,"Northern Gannet",1,"1–10","Patch4",-55.0592,49.24504,"Observed"
2022-09-03,"Northern Gannet",1,"1–10","Patch4",-53.6899,49.35108,"Observed"
2022-09-04,"Northern Gannet",31,"10–50","Patch1",-54.2,46.82,"Survey_Corrected"
2022-09-04,"Common Murre",1,"1–10","Patch2",-52.81463,47.31861,"Observed"
2022-09-04,"Northern Gannet",1,"1–10","Patch2",-52.81463,47.31861,"Observed"
2022-09-04,"Northern Gannet",1,"1–10","Patch3",-52.8,48.1,"Survey_Corrected"
2022-09-04,"Common Murre",27,"10–50","Patch4",-53.56277,49.27626,"Observed"
2022-09-04,"Common Murre",3,"1–10","Patch4",-53.56277,49.27626,"Observed"
2022-09-04,"Northern Gannet",124,"100–500","Patch4",-53.9,47.6,"Survey_Corrected"
2022-09-04,"Northern Gannet",3,"1–10","Patch4",-53.56277,49.27626,"Observed"
2022-09-04,"Northern Gannet",2,"1–10","Patch6",-58.7692,48.78382,"Observed"
2022-09-05,"Northern Gannet",28,"10–50","Patch1",-54.2,46.82,"Survey_Corrected"
2022-09-05,"Common Murre",1,"1–10","Patch2",-52.840676,47.24854,"Observed"
2022-09-05,"Northern Gannet",1,"1–10","Patch2",-52.807418,47.194698,"Observed"
2022-09-05,"Northern Gannet",1,"1–10","Patch2",-52.839185,47.247007,"Observed"
2022-09-05,"Northern Gannet",1,"1–10","Patch2",-52.840676,47.24854,"Observed"
2022-09-05,"Common Murre",1,"1–10","Patch3",-52.6887383,47.5345283,"Observed"
2022-09-05,"Northern Gannet",1,"1–10","Patch3",-52.8,48.1,"Survey_Corrected"
2022-09-05,"Northern Gannet",1,"1–10","Patch3",-52.6888117,47.5344917,"Observed"
2022-09-05,"Northern Gannet",111,"100–500","Patch4",-53.9,47.6,"Survey_Corrected"
2022-09-06,"Northern Gannet",25,"10–50","Patch1",-54.2,46.82,"Survey_Corrected"
2022-09-06,"Northern Gannet",2,"1–10","Patch3",-52.8,48.1,"Survey_Corrected"
2022-09-06,"Northern Gannet",115,"100–500","Patch4",-53.9,47.6,"Survey_Corrected"
2022-09-07,"Northern Gannet",20,"10–50","Patch1",-54.2,46.82,"Survey_Corrected"
2022-09-07,"Northern Gannet",11,"10–50","Patch1",-53.98856,47.75837,"Observed"
2022-09-07,"Northern Gannet",1,"1–10","Patch3",-52.8,48.1,"Survey_Corrected"
2022-09-07,"Northern Gannet",111,"100–500","Patch4",-53.9,47.6,"Survey_Corrected"
2022-09-08,"Northern Gannet",11,"10–50","Patch1",-54.2,46.82,"Survey_Corrected"
2022-09-08,"Northern Gannet",1,"1–10","Patch3",-52.8,48.1,"Survey_Corrected"
2022-09-08,"Northern Gannet",131,"100–500","Patch4",-53.9,47.6,"Survey_Corrected"
2022-09-09,"Northern Gannet",3,"1–10","Patch3",-52.8,48.1,"Survey_Corrected"
2022-09-09,"Northern Gannet",122,"100–500","Patch4",-53.9,47.6,"Survey_Corrected"
2022-09-10,"Northern Gannet",1,"1–10","Patch3",-52.8,48.1,"Survey_Corrected"
2022-09-10,"Northern Gannet",90,"50–100","Patch4",-53.9,47.6,"Survey_Corrected"
2022-09-11,"Northern Gannet",2,"1–10","Patch3",-52.8,48.1,"Survey_Corrected"
2022-09-11,"Northern Gannet",90,"50–100","Patch4",-53.9,47.6,"Survey_Corrected"
2022-09-12,"Northern Gannet",1,"1–10","Patch3",-52.8,48.1,"Survey_Corrected"
2022-09-12,"Northern Gannet",84,"50–100","Patch4",-53.9,47.6,"Survey_Corrected"
2022-09-13,"Northern Gannet",68,"50–100","Patch4",-53.9,47.6,"Survey_Corrected"
2022-09-14,"Northern Gannet",1,"1–10","Patch3",-52.8,48.1,"Survey_Corrected"
2022-09-14,"Northern Gannet",43,"10–50","Patch4",-53.9,47.6,"Survey_Corrected"
2022-09-15,"Northern Gannet",23,"10–50","Patch4",-53.9,47.6,"Survey_Corrected"
2022-09-17,"Northern Gannet",1,"1–10","Patch3",-52.6894524,47.5347463,"Observed"
2022-09-17,"Common Murre",2,"1–10","Patch5",-57.0643,51.43426,"Observed"
2022-09-17,"Common Murre",1,"1–10","Patch5",-57.060831,51.428353,"Observed"
2022-09-18,"Northern Gannet",1,"1–10","Patch6",-57.2875,50.64896,"Observed"
2022-09-19,"Northern Gannet",1,"1–10","Patch2",-52.8030057,47.2897547,"Observed"
